threshold,validation_precision,validation_recall,validation_f1,validation_pred_anomaly,final_precision,final_recall,final_f1,final_pred_anomaly
0.05,0.1844769403824522,1.0,0.3114909781576448,889,0.11816367265469062,1.0,0.21135308818279186,2505
0.06,0.18959537572254334,1.0,0.31875607385811466,865,0.12297465724968841,1.0,0.21901590825009248,2407
0.07,0.1943127962085308,1.0,0.3253968253968254,844,0.12687526789541362,1.0,0.22518067706352224,2333
0.08,0.19927095990279464,1.0,0.3323201621073962,823,0.13062665489849956,1.0,0.23106947697111632,2266
0.09,0.20551378446115287,1.0,0.340956340956341,798,0.13345356176735798,1.0,0.2354813046937152,2218
0.09999999999999999,0.2127107652399481,1.0,0.3508021390374332,771,0.1374187558031569,1.0,0.2416326530612245,2154
0.10999999999999999,0.21895861148197596,1.0,0.3592552026286966,749,0.14041745730550284,1.0,0.24625623960066556,2108
0.12,0.22343324250681199,1.0,0.36525612472160357,734,0.14299516908212562,1.0,0.2502113271344041,2070
0.13,0.2268326417704011,1.0,0.3697857948139797,723,0.14602861371484954,1.0,0.254842875591907,2027
0.13999999999999999,0.23229461756373937,1.0,0.37701149425287356,706,0.1487437185929648,1.0,0.2589676290463692,1990
0.14999999999999997,0.23563218390804597,1.0,0.3813953488372093,696,0.15156169994879673,1.0,0.2632281013783904,1953
0.15999999999999998,0.24011713030746706,1.0,0.3872491145218418,683,0.15489272632129775,1.0,0.26823742637063885,1911
0.16999999999999998,0.2436849925705795,1.0,0.3918757467144564,673,0.15795090715048027,1.0,0.2728110599078341,1874
0.18,0.24477611940298508,1.0,0.3932853717026379,670,0.16095704187058185,1.0,0.27728337236533956,1839
0.19,0.2469879518072289,1.0,0.3961352657004831,664,0.16228070175438597,1.0,0.2792452830188679,1824
0.19999999999999996,0.2496194824961948,1.0,0.3995127892813642,657,0.16471897607122982,1.0,0.2828475871954133,1797
0.20999999999999996,0.25426356589147286,1.0,0.4054388133498146,645,0.16914285714285715,1.0,0.28934506353861195,1750
0.21999999999999997,0.2611464968152866,1.0,0.41414141414141414,628,0.17199302730970367,1.0,0.2935052057511155,1721
0.22999999999999998,0.26366559485530544,1.0,0.4173027989821883,622,0.17608566329565734,1.0,0.2994436014162873,1681
0.24,0.26580226904376014,1.0,0.4199743918053777,617,0.17896009673518742,1.0,0.3035897435897436,1654
0.24999999999999994,0.26929392446633826,1.0,0.4243208279430789,609,0.1812614819350888,1.0,0.3068947641264904,1633
0.25999999999999995,0.27424749163879597,1.0,0.4304461942257218,598,0.18476903870162298,1.0,0.3119072708113804,1602
0.26999999999999996,0.2760942760942761,1.0,0.43271767810026385,594,0.18757921419518378,1.0,0.31590181430096054,1578
0.27999999999999997,0.27986348122866894,1.0,0.43733333333333335,586,0.19096774193548388,1.0,0.3206933911159263,1550
0.29,0.281786941580756,1.0,0.43967828418230565,582,0.1955085865257596,1.0,0.3270718232044199,1514
0.3,0.2847222222222222,1.0,0.44324324324324327,576,0.2,1.0,0.3333333333333333,1480
0.30999999999999994,0.29338103756708406,1.0,0.4536652835408022,559,0.2039972432804962,1.0,0.3388666285060103,1451
0.31999999999999995,0.2965641952983725,1.0,0.45746164574616455,553,0.206993006993007,1.0,0.3429895712630359,1430
0.32999999999999996,0.30091743119266057,1.0,0.46262341325811,545,0.2103766879886283,1.0,0.3476218438050499,1407
0.33999999999999997,0.3037037037037037,1.0,0.4659090909090909,540,0.21341023792357605,1.0,0.35175282234105765,1387
0.3499999999999999,0.3076923076923077,1.0,0.47058823529411764,533,0.21748714180749448,1.0,0.35727217863608934,1361
0.35999999999999993,0.3106060606060606,1.0,0.47398843930635837,528,0.2222222222222222,1.0,0.36363636363636365,1332
0.36999999999999994,0.3166023166023166,1.0,0.4809384164222874,518,0.2261268143621085,1.0,0.36884735202492214,1309
0.37999999999999995,0.3178294573643411,1.0,0.4823529411764706,516,0.23052959501557632,1.0,0.37468354430379747,1284
0.38999999999999996,0.32220039292730845,1.0,0.487369985141159,509,0.23492063492063492,1.0,0.38046272493573263,1260
0.3999999999999999,0.3273453093812375,1.0,0.4932330827067669,501,0.23870967741935484,1.0,0.3854166666666667,1240
0.4099999999999999,0.33064516129032256,1.0,0.49696969696969695,496,0.24143556280587275,1.0,0.38896189224704336,1226
0.41999999999999993,0.3333333333333333,1.0,0.5,492,0.24646128226477934,1.0,0.3954575818303273,1201
0.42999999999999994,0.3360655737704918,1.0,0.5030674846625767,488,0.2510602205258694,1.0,0.40135593220338983,1179
0.43999999999999995,0.33884297520661155,1.0,0.5061728395061729,484,0.2547332185886403,1.0,0.4060356652949246,1162
0.4499999999999999,0.340956340956341,1.0,0.5085271317829457,481,0.2607929515418502,1.0,0.413696715583508,1135
0.4599999999999999,0.3459915611814346,1.0,0.5141065830721003,474,0.2645218945487042,1.0,0.4183745583038869,1119
0.4699999999999999,0.3481953290870488,1.0,0.5165354330708661,471,0.26933575978161967,1.0,0.4243727598566308,1099
0.4799999999999999,0.34968017057569295,1.0,0.5181674565560821,469,0.2748375116063138,1.0,0.43117261471230883,1077
0.48999999999999994,0.3504273504273504,1.0,0.5189873417721519,468,0.2808349146110057,1.0,0.43851851851851853,1054
0.49999999999999994,0.35357917570498915,0.9939024390243902,0.5216,461,0.28599033816425123,1.0,0.44477836213373406,1035
0.5099999999999999,0.35920177383592017,0.9878048780487805,0.526829268292683,451,0.2907662082514735,1.0,0.4505327245053272,1018
0.5199999999999999,0.3656884875846501,0.9878048780487805,0.5337726523887973,443,0.2977867203219316,1.0,0.45891472868217054,994
0.5299999999999999,0.3707093821510298,0.9878048780487805,0.5391014975041597,437,0.30390143737166325,1.0,0.46614173228346456,974
0.5399999999999999,0.37587006960556846,0.9878048780487805,0.5445378151260504,431,0.3138918345705196,1.0,0.4778046811945117,943
0.5499999999999999,0.3788235294117647,0.9817073170731707,0.5466893039049237,425,0.3203463203463203,1.0,0.4852459016393443,924
0.5599999999999999,0.38498789346246975,0.9695121951219512,0.5511265164644714,413,0.3263506063947078,1.0,0.4921030756442228,907
0.57,0.3935643564356436,0.9695121951219512,0.5598591549295775,404,0.3340857787810384,1.0,0.5008460236886633,886
0.58,0.39949748743718594,0.9695121951219512,0.5658362989323843,398,0.3433874709976798,1.0,0.5112262521588946,862
0.59,0.40664961636828645,0.9695121951219512,0.572972972972973,391,0.35878787878787877,1.0,0.528099910793934,825
0.6,0.4140625,0.9695121951219512,0.5802919708029197,384,0.3658838071693449,1.0,0.5357466063348416,809
0.61,0.4332425068119891,0.9695121951219512,0.5988700564971752,367,0.37420986093552466,1.0,0.5446182152713891,791
0.62,0.44537815126050423,0.9695121951219512,0.6103646833013435,357,0.38242894056847543,1.0,0.5532710280373832,774
0.63,0.4511494252873563,0.9573170731707317,0.61328125,348,0.4,1.0,0.5714285714285714,740
0.6399999999999999,0.45857988165680474,0.9451219512195121,0.6175298804780877,338,0.41143654114365413,0.9966216216216216,0.5824284304047384,717
0.6499999999999999,0.47112462006079026,0.9451219512195121,0.6288032454361054,329,0.4263005780346821,0.9966216216216216,0.597165991902834,692
0.6599999999999999,0.4792332268370607,0.9146341463414634,0.6289308176100629,313,0.44095665171898357,0.9966216216216216,0.6113989637305699,669
0.6699999999999999,0.4950166112956811,0.9085365853658537,0.6408602150537634,301,0.4645669291338583,0.9966216216216216,0.6337271750805585,635
0.6799999999999999,0.5287769784172662,0.8963414634146342,0.665158371040724,278,0.48360655737704916,0.9966216216216216,0.6512141280353201,610
0.69,0.5447761194029851,0.8902439024390244,0.6759259259259259,268,0.5051369863013698,0.9966216216216216,0.6704545454545454,584
0.7,0.5538461538461539,0.8780487804878049,0.6792452830188679,260,0.5239786856127886,0.9966216216216216,0.6868451688009313,563
0.71,0.5573122529644269,0.8597560975609756,0.6762589928057554,253,0.5446096654275093,0.9898648648648649,0.7026378896882494,538
0.72,0.5761316872427984,0.8536585365853658,0.687960687960688,243,0.5645472061657033,0.9898648648648649,0.7190184049079754,519
0.73,0.5914893617021276,0.8475609756097561,0.6967418546365914,235,0.5825049701789264,0.9898648648648649,0.7334167709637046,503
0.74,0.6289592760180995,0.8475609756097561,0.7220779220779221,221,0.604989604989605,0.9831081081081081,0.749034749034749,481
0.7499999999999999,0.6509433962264151,0.8414634146341463,0.7340425531914894,212,0.6502242152466368,0.9797297297297297,0.7816711590296496,446
0.7599999999999999,0.6733668341708543,0.8170731707317073,0.7382920110192838,199,0.6904761904761905,0.9797297297297297,0.8100558659217877,420
0.7699999999999999,0.7318435754189944,0.7987804878048781,0.7638483965014577,179,0.7455012853470437,0.9797297297297297,0.8467153284671532,389
0.7799999999999999,0.7647058823529411,0.7926829268292683,0.7784431137724551,170,0.7983193277310925,0.9628378378378378,0.8728943338437979,357
0.7899999999999999,0.810126582278481,0.7804878048780488,0.7950310559006211,158,0.8348082595870207,0.956081081081081,0.8913385826771654,339
0.7999999999999999,0.8513513513513513,0.7682926829268293,0.8076923076923077,148,0.8757763975155279,0.9527027027027027,0.912621359223301,322
0.8099999999999999,0.875,0.7682926829268293,0.8181818181818182,144,0.8938906752411575,0.9391891891891891,0.9159802306425041,311
0.82,0.8873239436619719,0.7682926829268293,0.8235294117647058,142,0.9105960264900662,0.9290540540540541,0.919732441471572,302
0.83,0.9185185185185185,0.7560975609756098,0.8294314381270903,135,0.9183673469387755,0.9121621621621622,0.9152542372881356,294
0.84,0.9242424242424242,0.7439024390243902,0.8243243243243243,132,0.935251798561151,0.8783783783783784,0.9059233449477352,278
0.8499999999999999,0.9302325581395349,0.7317073170731707,0.8191126279863481,129,0.9516728624535316,0.8648648648648649,0.9061946902654867,269
0.8599999999999999,0.9285714285714286,0.7134146341463414,0.8068965517241379,126,0.9536679536679536,0.8344594594594594,0.8900900900900901,259
0.8699999999999999,0.943089430894309,0.7073170731707317,0.8083623693379791,123,0.9565217391304348,0.8175675675675675,0.8816029143897997,253
0.8799999999999999,0.9426229508196722,0.7012195121951219,0.8041958041958042,122,0.9549180327868853,0.7871621621621622,0.8629629629629629,244
0.8899999999999999,0.9495798319327731,0.6890243902439024,0.7985865724381626,119,0.961864406779661,0.7668918918918919,0.8533834586466166,236
0.8999999999999999,0.9557522123893806,0.6585365853658537,0.779783393501805,113,0.9734513274336283,0.7432432432432432,0.842911877394636,226
0.9099999999999999,0.9905660377358491,0.6402439024390244,0.7777777777777778,106,0.9903846153846154,0.6959459459459459,0.8174603174603174,208
0.9199999999999999,1.0,0.6219512195121951,0.7669172932330827,102,1.0,0.6148648648648649,0.7615062761506276,182
0.9299999999999999,1.0,0.5792682926829268,0.7335907335907336,95,1.0,0.543918918918919,0.7045951859956237,161
0.94,1.0,0.5365853658536586,0.6984126984126984,88,1.0,0.5,0.6666666666666666,148
0.95,1.0,0.5,0.6666666666666666,82,1.0,0.4222972972972973,0.5938242280285035,125
