model,n_estimators,max_samples,n_neighbors,nu,gamma,threshold_percentile,threshold,pred_normal,pred_anomaly,precision,recall,f1,auroc,auprc
LocalOutlierFactor,,,10.0,,,1,-9.774377822875977,4149,961,0.8303850156087409,0.9649334945586457,0.8926174496644296,0.9570806774963927,0.9082543668080075
LocalOutlierFactor,,,50.0,,,1,-5.1681413650512695,4084,1026,0.8060428849902534,1.0,0.8926065839179709,0.9926988422776586,0.9433627828469002
LocalOutlierFactor,,,100.0,,,1,-4.652288913726807,4084,1026,0.8060428849902534,1.0,0.8926065839179709,0.9930991764352812,0.945963582036662
LocalOutlierFactor,,,20.0,,,1,-8.972894668579102,4098,1012,0.8092885375494071,0.9903264812575574,0.8907014681892332,0.9831407936836417,0.9354569053400125
OneClassSVM,,,,0.05,0.1,1,-0.06517214452651868,4040,1070,0.7728971962616823,1.0,0.8719030047443331,0.9971846740339823,0.9768223092254805
OneClassSVM,,,,0.1,0.1,1,-0.15501735657799004,4029,1081,0.7650323774283071,1.0,0.8668763102725366,0.997184674033982,0.976822306558048
OneClassSVM,,,,0.03,0.1,1,-0.030619840632036776,4028,1082,0.7643253234750462,1.0,0.8664222105814563,0.9971846740339821,0.9768223061690084
OneClassSVM,,,,0.01,0.1,1,-0.005648344089110147,4009,1101,0.7511353315168029,1.0,0.8578838174273858,0.9971406316301815,0.9761460835645259
LocalOutlierFactor,,,20.0,,,3,-8.144261360168457,3961,1149,0.7127937336814621,0.9903264812575574,0.8289473684210527,0.9831407936836417,0.9354569053400125
LocalOutlierFactor,,,50.0,,,3,-4.4803314208984375,3860,1250,0.6616,1.0,0.7963408762638421,0.9926988422776586,0.9433627828469002
LocalOutlierFactor,,,100.0,,,3,-4.065039157867432,3800,1310,0.6312977099236641,1.0,0.7739822180627047,0.9930991764352812,0.945963582036662
OneClassSVM,,,,0.03,scale,7,0.1690327658217136,4461,649,0.8721109399075501,0.6844014510278114,0.7669376693766937,0.8714512339072304,0.7608349870050519
OneClassSVM,,,,0.03,scale,5,0.16027681923966952,4478,632,0.884493670886076,0.6759371221281741,0.7662782727895819,0.8714512339072304,0.7608349870050519
OneClassSVM,,,,0.05,scale,5,0.24068623876243578,4467,643,0.8755832037325039,0.6807738814993954,0.7659863945578231,0.8751251044242571,0.765228798321386
OneClassSVM,,,,0.05,scale,3,0.21889847058178305,4479,631,0.884310618066561,0.6747279322853688,0.7654320987654321,0.8751251044242571,0.765228798321386
OneClassSVM,,,,0.1,scale,3,0.38068673794132907,4479,631,0.884310618066561,0.6747279322853688,0.7654320987654321,0.8776581072889895,0.7673929867020243
LocalOutlierFactor,,,10.0,,,3,-8.280678749084473,3849,1261,0.6328310864393338,0.9649334945586457,0.764367816091954,0.9570806774963927,0.9082543668080075
OneClassSVM,,,,0.03,scale,3,0.14707775347961344,4484,626,0.8849840255591054,0.6698911729141476,0.7625602202339986,0.8714512339072304,0.7608349870050519
OneClassSVM,,,,0.05,scale,7,0.2566993264820326,4436,674,0.8471810089020771,0.6904474002418379,0.7608261159227182,0.8751251044242571,0.765228798321386
OneClassSVM,,,,0.1,scale,5,0.424402599590735,4452,658,0.8571428571428571,0.6819830713422007,0.7595959595959596,0.8776581072889895,0.7673929867020243
OneClassSVM,,,,0.05,0.1,3,-0.05720941089121183,3753,1357,0.6094325718496684,1.0,0.7573260073260073,0.9971846740339823,0.9768223092254805
OneClassSVM,,,,0.03,scale,10,0.18312797251201118,4405,705,0.8184397163120567,0.6977025392986699,0.7532637075718016,0.8714512339072304,0.7608349870050519
OneClassSVM,,,,0.1,scale,7,0.45794215895741386,4418,692,0.8265895953757225,0.6916565900846433,0.7531270572745227,0.8776581072889895,0.7673929867020243
OneClassSVM,,,,0.03,0.01,7,0.10478693924839107,4491,619,0.8788368336025848,0.6577992744860943,0.7524204702627939,0.8527241779527679,0.7352673904734515
OneClassSVM,,,,0.05,scale,10,0.2785496117522541,4378,732,0.796448087431694,0.7049576783555018,0.7479153303399615,0.8751251044242571,0.765228798321386
OneClassSVM,,,,0.1,scale,1,0.2949338568876754,4505,605,0.8842975206611571,0.6469165659008465,0.7472067039106145,0.8776581072889895,0.7673929867020243
OneClassSVM,,,,0.05,scale,1,0.18002748455095627,4508,602,0.8853820598006644,0.6444981862152358,0.7459762071378586,0.8751251044242571,0.765228798321386
OneClassSVM,,,,0.01,0.1,3,-0.004932904963321683,3719,1391,0.5945363048166786,1.0,0.7457168620378719,0.9971406316301815,0.9761460835645259
OneClassSVM,,,,0.03,0.01,5,0.09867325346227673,4503,607,0.8797364085667215,0.6457073760580411,0.7447698744769874,0.8527241779527679,0.7352673904734515
OneClassSVM,,,,0.01,scale,5,0.07119190285387234,4497,613,0.8743882544861338,0.6481257557436517,0.7444444444444445,0.86720989395662,0.7488696465327654
OneClassSVM,,,,0.1,0.1,3,-0.13683416324704006,3709,1401,0.5902926481084939,1.0,0.7423698384201077,0.997184674033982,0.976822306558048
OneClassSVM,,,,0.03,0.01,3,0.09117132382034185,4508,602,0.8803986710963455,0.6408706166868199,0.741777466759972,0.8527241779527679,0.7352673904734515
OneClassSVM,,,,0.03,0.1,3,-0.026523676235606163,3707,1403,0.5894511760513186,1.0,0.7417040358744394,0.9971846740339821,0.9768223061690084
OneClassSVM,,,,0.01,0.01,7,0.043726738834543075,4499,611,0.8723404255319149,0.6444981862152358,0.741307371349096,0.8566004741334163,0.7326578203096838
OneClassSVM,,,,0.05,0.01,3,0.12632462301108022,4511,599,0.8814691151919867,0.6384522370012092,0.7405329593267882,0.8549082294643117,0.7355360912280496
OneClassSVM,,,,0.03,0.01,10,0.11247827439474634,4438,672,0.8258928571428571,0.6711003627569528,0.7404936624416277,0.8527241779527679,0.7352673904734515
OneClassSVM,,,,0.03,scale,1,0.12460510805132827,4515,595,0.8840336134453781,0.6360338573155986,0.739803094233474,0.8714512339072304,0.7608349870050519
OneClassSVM,,,,0.01,scale,7,0.07477166968345195,4475,635,0.8503937007874016,0.652962515114873,0.7387140902872777,0.86720989395662,0.7488696465327654
OneClassSVM,,,,0.01,0.01,5,0.04156666311259549,4514,596,0.8808724832214765,0.6348246674727932,0.7378777231201686,0.8566004741334163,0.7326578203096838
OneClassSVM,,,,0.05,0.01,5,0.13927698497452212,4495,615,0.865040650406504,0.6432889963724304,0.7378640776699029,0.8549082294643117,0.7355360912280496
OneClassSVM,,,,0.1,scale,10,0.5017418447908426,4352,758,0.7704485488126649,0.7061668681983071,0.7369085173501577,0.8776581072889895,0.7673929867020243
OneClassSVM,,,,0.1,0.01,3,0.20955512338460666,4516,594,0.8804713804713805,0.6324062877871826,0.7361013370865588,0.8512487574254506,0.7290936829260081
OneClassSVM,,,,0.03,0.01,1,0.07652052614783997,4521,589,0.8845500848896435,0.6299879081015719,0.7358757062146892,0.8527241779527679,0.7352673904734515
OneClassSVM,,,,0.01,0.01,3,0.03874214797589985,4523,587,0.8841567291311755,0.6275695284159613,0.7340876944837341,0.8566004741334163,0.7326578203096838
OneClassSVM,,,,0.01,scale,10,0.08031366461853295,4421,689,0.806966618287373,0.6723095525997581,0.7335092348284961,0.86720989395662,0.7488696465327654
OneClassSVM,,,,0.01,scale,3,0.06558833670655169,4525,585,0.8837606837606837,0.6251511487303507,0.7322946175637394,0.86720989395662,0.7488696465327654
OneClassSVM,,,,0.01,0.01,10,0.04653972671437678,4459,651,0.8310291858678955,0.6541717049576784,0.7320703653585927,0.8566004741334163,0.7326578203096838
OneClassSVM,,,,0.05,0.01,1,0.09588655051048889,4533,577,0.8890814558058926,0.6203143893591294,0.7307692307692307,0.8549082294643117,0.7355360912280496
OneClassSVM,,,,0.1,0.01,1,0.1475502612815177,4539,571,0.8896672504378283,0.6142684401451027,0.7267525035765379,0.8512487574254506,0.7290936829260081
LocalOutlierFactor,,,50.0,,,5,-4.125824451446533,3659,1451,0.5699517574086836,1.0,0.7260755048287972,0.9926988422776586,0.9433627828469002
OneClassSVM,,,,0.05,0.01,7,0.15274994723694987,4431,679,0.801178203240059,0.6577992744860943,0.7224435590969456,0.8549082294643117,0.7355360912280496
OneClassSVM,,,,0.1,0.01,5,0.24097653964950894,4470,640,0.8265625,0.6396614268440145,0.7211997273346966,0.8512487574254506,0.7290936829260081
OneClassSVM,,,,0.01,0.01,1,0.03383748320659112,4546,564,0.8865248226950354,0.6045949214026602,0.7189072609633357,0.8566004741334163,0.7326578203096838
OneClassSVM,,,,0.01,scale,1,0.05864423112617949,4555,555,0.8828828828828829,0.592503022974607,0.7091172214182344,0.86720989395662,0.7488696465327654
LocalOutlierFactor,,,20.0,,,5,-7.316487789154053,3613,1497,0.5470941883767535,0.9903264812575574,0.7048192771084337,0.9831407936836417,0.9354569053400125
LocalOutlierFactor,,,100.0,,,5,-3.6959304809570312,3584,1526,0.5419397116644823,1.0,0.7029324266893328,0.9930991764352812,0.945963582036662
OneClassSVM,,,,0.03,scale,15,0.2001476518482903,4271,839,0.6972586412395709,0.7073760580411125,0.7022809123649459,0.8714512339072304,0.7608349870050519
OneClassSVM,,,,0.1,scale,15,0.56081130605196,4241,869,0.6846950517836594,0.7194679564691656,0.7016509433962265,0.8776581072889895,0.7673929867020243
OneClassSVM,,,,0.05,scale,15,0.30677025169953964,4257,853,0.6893317702227433,0.7110036275695284,0.7,0.8751251044242571,0.765228798321386
OneClassSVM,,,,0.1,0.01,7,0.26755146141148317,4416,694,0.7665706051873199,0.6432889963724304,0.6995397764628534,0.8512487574254506,0.7290936829260081
OneClassSVM,,,,0.05,0.01,10,0.16759627486800355,4344,766,0.7271540469973891,0.6735187424425635,0.6993094789704959,0.8549082294643117,0.7355360912280496
OneClassSVM,,,,0.05,0.1,5,-0.053293806347739725,3544,1566,0.5280970625798213,1.0,0.691182615963226,0.9971846740339823,0.9768223092254805
OneClassSVM,,,,0.01,scale,15,0.08762693420894152,4273,837,0.6857825567502986,0.694074969770254,0.6899038461538461,0.86720989395662,0.7488696465327654
OneClassSVM,,,,0.03,0.01,15,0.12296212562562303,4316,794,0.7040302267002518,0.6759371221281741,0.6896977174583591,0.8527241779527679,0.7352673904734515
OneClassSVM,,,,0.01,0.01,15,0.05079820066819618,4331,779,0.7086007702182285,0.6674727932285369,0.6874221668742216,0.8566004741334163,0.7326578203096838
OneClassSVM,,,,0.01,0.1,5,-0.004582119691849851,3518,1592,0.5194723618090452,1.0,0.683753617197189,0.9971406316301815,0.9761460835645259
OneClassSVM,,,,0.1,0.01,10,0.2957568636979886,4331,779,0.7047496790757382,0.6638452237001209,0.6836861768368617,0.8512487574254506,0.7290936829260081
LocalOutlierFactor,,,10.0,,,5,-7.42574405670166,3601,1509,0.5288270377733598,0.9649334945586457,0.6832191780821918,0.9570806774963927,0.9082543668080075
OneClassSVM,,,,0.05,scale,20,0.33208404265323566,4115,995,0.6160804020100502,0.7412333736396615,0.672886937431394,0.8751251044242571,0.765228798321386
OneClassSVM,,,,0.1,scale,20,0.6088839313740095,4106,1004,0.6135458167330677,0.7448609431680774,0.6728563626433642,0.8776581072889895,0.7673929867020243
OneClassSVM,,,,0.1,0.1,5,-0.12829909617642876,3463,1647,0.5021250758955677,1.0,0.6685529506871464,0.997184674033982,0.976822306558048
OneClassSVM,,,,0.03,0.1,5,-0.024530907075007047,3454,1656,0.4993961352657005,1.0,0.6661296818364881,0.9971846740339821,0.9768223061690084
OneClassSVM,,,,0.05,0.01,15,0.18563054949636282,4254,856,0.6530373831775701,0.6759371221281741,0.6642899584076055,0.8549082294643117,0.7355360912280496
OneClassSVM,,,,0.03,scale,20,0.2145399157566743,4131,979,0.6108273748723186,0.7230955259975816,0.6622369878183831,0.8714512339072304,0.7608349870050519
LocalOutlierFactor,,,100.0,,,7,-3.4853920936584473,3421,1689,0.4896388395500296,1.0,0.6573926868044515,0.9930991764352812,0.945963582036662
OneClassSVM,,,,0.1,0.01,15,0.33647297450595204,4236,874,0.6395881006864989,0.6759371221281741,0.6572604350382129,0.8512487574254506,0.7290936829260081
OneClassSVM,,,,0.01,scale,20,0.09268012640136902,4145,965,0.6051813471502591,0.7061668681983071,0.6517857142857143,0.86720989395662,0.7488696465327654
LocalOutlierFactor,,,50.0,,,7,-3.862534999847412,3381,1729,0.4783111625216888,1.0,0.6471048513302035,0.9926988422776586,0.9433627828469002
LocalOutlierFactor,,,20.0,,,7,-6.786661148071289,3401,1709,0.47922761849034523,0.9903264812575574,0.6458990536277602,0.9831407936836417,0.9354569053400125
LocalOutlierFactor,,,10.0,,,7,-6.9713544845581055,3437,1673,0.4769874476987448,0.9649334945586457,0.6384,0.9570806774963927,0.9082543668080075
OneClassSVM,,,,0.03,0.01,20,0.13206345854977997,4151,959,0.5922836287799792,0.686819830713422,0.6360582306830908,0.8527241779527679,0.7352673904734515
OneClassSVM,,,,0.05,0.01,20,0.2022889194720392,4134,976,0.5870901639344263,0.6928657799274486,0.6356073211314476,0.8549082294643117,0.7355360912280496
OneClassSVM,,,,0.01,0.01,20,0.05471536670463095,4144,966,0.5890269151138716,0.6880290205562273,0.6346904629113218,0.8566004741334163,0.7326578203096838
OneClassSVM,,,,0.05,0.1,7,-0.05033760003894141,3319,1791,0.4617532104969291,1.0,0.6317799847211611,0.9971846740339823,0.9768223092254805
OneClassSVM,,,,0.01,0.1,7,-0.0043015286061014015,3306,1804,0.4584257206208426,1.0,0.628658304827062,0.9971406316301815,0.9761460835645259
OneClassSVM,,,,0.03,0.1,7,-0.023500899908239423,3299,1811,0.45665378244064053,1.0,0.6269901440485216,0.9971846740339821,0.9768223061690084
OneClassSVM,,,,0.1,0.1,7,-0.12333912830315726,3281,1829,0.45215965008201203,1.0,0.6227409638554217,0.997184674033982,0.976822306558048
OneClassSVM,,,,0.1,0.01,20,0.370670403983695,4087,1023,0.5532746823069403,0.6844014510278114,0.6118918918918919,0.8512487574254506,0.7290936829260081
LocalOutlierFactor,,,100.0,,,10,-3.2992024421691895,3178,1932,0.4280538302277433,1.0,0.5994925697716564,0.9930991764352812,0.945963582036662
LocalOutlierFactor,,,20.0,,,10,-6.31032657623291,3197,1913,0.42812336644014637,0.9903264812575574,0.5978102189781022,0.9831407936836417,0.9354569053400125
LocalOutlierFactor,,,10.0,,,10,-6.539355278015137,3191,1919,0.4158415841584158,0.9649334945586457,0.5812090313182812,0.9570806774963927,0.9082543668080075
LocalOutlierFactor,,,50.0,,,10,-3.561805248260498,3081,2029,0.4075899457861015,1.0,0.5791316526610645,0.9926988422776586,0.9433627828469002
OneClassSVM,,,,0.05,0.1,10,-0.04715588638429047,3046,2064,0.4006782945736434,1.0,0.572120373573158,0.9971846740339823,0.9768223092254805
OneClassSVM,,,,0.1,0.1,10,-0.1173327386781402,3043,2067,0.40009675858732463,1.0,0.5715272978576365,0.997184674033982,0.976822306558048
OneClassSVM,,,,0.01,0.1,10,-0.004006230308797987,3029,2081,0.39740509370494953,1.0,0.5687757909215956,0.9971406316301815,0.9761460835645259
OneClassSVM,,,,0.03,0.1,10,-0.02218667664177687,3003,2107,0.3925011865211201,1.0,0.5637355146557601,0.9971846740339821,0.9768223061690084
LocalOutlierFactor,,,100.0,,,15,-3.0224525928497314,2798,2312,0.3576989619377163,1.0,0.5269194010831475,0.9930991764352812,0.945963582036662
LocalOutlierFactor,,,20.0,,,15,-5.8027753829956055,2825,2285,0.3584245076586433,0.9903264812575574,0.5263496143958869,0.9831407936836417,0.9354569053400125
LocalOutlierFactor,,,10.0,,,15,-5.832943916320801,2738,2372,0.33642495784148396,0.9649334945586457,0.4989059080962801,0.9570806774963927,0.9082543668080075
OneClassSVM,,,,0.03,0.1,15,-0.02022960569592458,2582,2528,0.3271360759493671,1.0,0.49299552906110283,0.9971846740339821,0.9768223061690084
LocalOutlierFactor,,,50.0,,,15,-3.197263717651367,2574,2536,0.32610410094637227,1.0,0.49182277728218854,0.9926988422776586,0.9433627828469002
IsolationForest,100.0,0.8,,,,1,-0.1178332262827988,4749,361,0.8088642659279779,0.35308343409915355,0.49158249158249157,0.7610345278329641,0.5537122575618477
IsolationForest,300.0,0.8,,,,1,-0.11611280834151683,4689,421,0.7220902612826603,0.3675937122128174,0.48717948717948717,0.7680623967932614,0.5600874431556676
OneClassSVM,,,,0.01,0.1,15,-0.0035977586567541575,2528,2582,0.32029434546862895,1.0,0.48518627163391026,0.9971406316301815,0.9761460835645259
OneClassSVM,,,,0.1,0.1,15,-0.10801017510004307,2518,2592,0.31905864197530864,1.0,0.48376718338695524,0.997184674033982,0.976822306558048
IsolationForest,500.0,0.8,,,,1,-0.11365400103407863,4735,375,0.7653333333333333,0.347037484885127,0.47753743760399336,0.7693067358621766,0.5590666324282354
OneClassSVM,,,,0.05,0.1,15,-0.04279705539824885,2458,2652,0.3118401206636501,1.0,0.47542397240586376,0.9971846740339823,0.9768223092254805
IsolationForest,300.0,0.8,,,,5,-0.11131779801106256,4475,635,0.5401574803149606,0.4147521160822249,0.4692202462380301,0.7680623967932614,0.5600874431556676
IsolationForest,500.0,0.8,,,,5,-0.10881631272737524,4390,720,0.5027777777777778,0.437726723095526,0.4680025856496445,0.7693067358621766,0.5590666324282354
IsolationForest,100.0,0.8,,,,3,-0.11451821839890519,4565,545,0.5871559633027523,0.38694074969770254,0.46647230320699706,0.7610345278329641,0.5537122575618477
IsolationForest,500.0,0.8,,,,3,-0.11081243824849552,4529,581,0.5593803786574871,0.39298669891172916,0.4616477272727273,0.7693067358621766,0.5590666324282354
IsolationForest,300.0,auto,,,,1,-0.08090101343780387,4762,348,0.7787356321839081,0.32769044740024184,0.46127659574468083,0.721020874687786,0.5211240095109873
IsolationForest,300.0,0.8,,,,3,-0.11467062786658155,4593,517,0.5899419729206963,0.3688029020556227,0.4538690476190476,0.7680623967932614,0.5600874431556676
IsolationForest,300.0,auto,,,,3,-0.07972304940505781,4647,463,0.6285097192224622,0.3518742442563482,0.4511627906976744,0.721020874687786,0.5211240095109873
IsolationForest,100.0,0.8,,,,7,-0.11241266135816153,4287,823,0.4507897934386391,0.4486094316807739,0.4496969696969697,0.7610345278329641,0.5537122575618477
IsolationForest,100.0,0.8,,,,5,-0.11341235507601777,4463,647,0.5115919629057187,0.40024183796856105,0.4491180461329715,0.7610345278329641,0.5537122575618477
IsolationForest,500.0,0.8,,,,7,-0.10794039489032561,4295,815,0.44539877300613495,0.43893591293833134,0.44214372716199757,0.7693067358621766,0.5590666324282354
LocalOutlierFactor,,,50.0,,,20,-2.9185876846313477,2161,2949,0.2804340454391319,1.0,0.4380296610169492,0.9926988422776586,0.9433627828469002
IsolationForest,300.0,auto,,,,5,-0.07855210055286266,4472,638,0.5015673981191222,0.38694074969770254,0.43686006825938567,0.721020874687786,0.5211240095109873
IsolationForest,500.0,0.8,,,,10,-0.10567245216737664,4139,971,0.40370751802265703,0.4740024183796856,0.4360400444938821,0.7693067358621766,0.5590666324282354
IsolationForest,300.0,0.8,,,,10,-0.10839870449595268,4050,1060,0.3877358490566038,0.4969770253929867,0.4356120826709062,0.7680623967932614,0.5600874431556676
IsolationForest,300.0,0.8,,,,7,-0.1091073010971011,4228,882,0.4217687074829932,0.4498186215235792,0.4353423054417788,0.7680623967932614,0.5600874431556676
LocalOutlierFactor,,,20.0,,,20,-5.167652130126953,2173,2937,0.278855975485189,0.9903264812575574,0.4351753453772582,0.9831407936836417,0.9354569053400125
LocalOutlierFactor,,,100.0,,,20,-2.671607494354248,2133,2977,0.27779643936849174,1.0,0.43480546792849634,0.9930991764352812,0.945963582036662
IsolationForest,300.0,auto,,,,7,-0.07818254474900323,4344,766,0.45039164490861616,0.41717049576783555,0.4331450094161959,0.721020874687786,0.5211240095109873
IsolationForest,100.0,auto,,,,3,-0.08099944617695642,4699,411,0.6447688564476886,0.32043530834340994,0.4281098546042003,0.6790521340662065,0.46923711319670425
IsolationForest,500.0,auto,,,,5,-0.08259616560079175,4565,545,0.5376146788990825,0.3542926239419589,0.4271137026239067,0.7220276388669696,0.4998082673492387
IsolationForest,100.0,0.8,,,,10,-0.11135786561131922,4099,1011,0.3877349159248269,0.4740024183796856,0.426550598476605,0.7610345278329641,0.5537122575618477
IsolationForest,500.0,auto,,,,10,-0.07887442629604591,4305,805,0.4322981366459627,0.4207980652962515,0.4264705882352941,0.7220276388669696,0.4998082673492387
IsolationForest,100.0,auto,,,,5,-0.07882792907873304,4554,556,0.5287769784172662,0.3555018137847642,0.42516268980477223,0.6790521340662065,0.46923711319670425
OneClassSVM,,,,0.05,0.1,20,-0.039095215150492635,2013,3097,0.26703261220536,1.0,0.4215086646279307,0.9971846740339823,0.9768223092254805
IsolationForest,500.0,auto,,,,1,-0.08590601915066465,4763,347,0.7089337175792507,0.2974607013301088,0.4190800681431005,0.7220276388669696,0.4998082673492387
IsolationForest,100.0,auto,,,,1,-0.0836031300793737,4777,333,0.7297297297297297,0.29383313180169285,0.4189655172413793,0.6790521340662065,0.46923711319670425
IsolationForest,300.0,auto,,,,10,-0.07707754202698713,4199,911,0.3995609220636663,0.44014510278113667,0.4188722669735328,0.721020874687786,0.5211240095109873
IsolationForest,500.0,auto,,,,3,-0.0847483029017776,4643,467,0.5802997858672377,0.32769044740024184,0.4188562596599691,0.7220276388669696,0.4998082673492387
IsolationForest,500.0,auto,,,,7,-0.08086057080986708,4402,708,0.4533898305084746,0.38814993954050786,0.41824104234527687,0.7220276388669696,0.4998082673492387
OneClassSVM,,,,0.03,0.1,20,-0.018167887682178474,1976,3134,0.2638800255264837,1.0,0.41757132037364303,0.9971846740339821,0.9768223061690084
IsolationForest,500.0,0.8,,,,15,-0.10299854163677968,3756,1354,0.3360413589364845,0.5501813784764208,0.41723979825768,0.7693067358621766,0.5590666324282354
OneClassSVM,,,,0.1,0.1,20,-0.0988737637490047,1962,3148,0.2627064803049555,1.0,0.4161006289308176,0.997184674033982,0.976822306558048
OneClassSVM,,,,0.01,0.1,20,-0.003194280929629034,1956,3154,0.26220672162333547,1.0,0.41547349912082393,0.9971406316301815,0.9761460835645259
IsolationForest,300.0,0.8,,,,15,-0.10557181959508499,3807,1303,0.3392171910974674,0.5344619105199516,0.41502347417840374,0.7680623967932614,0.5600874431556676
IsolationForest,100.0,auto,,,,7,-0.07804213832845286,4474,636,0.46540880503144655,0.35792019347037485,0.40464798359535203,0.6790521340662065,0.46923711319670425
IsolationForest,300.0,0.8,,,,20,-0.10355958020568135,3512,1598,0.30663329161451813,0.592503022974607,0.4041237113402062,0.7680623967932614,0.5600874431556676
IsolationForest,500.0,0.8,,,,20,-0.10109451939739889,3476,1634,0.30416156670746636,0.6009673518742442,0.4039008533116619,0.7693067358621766,0.5590666324282354
IsolationForest,100.0,0.8,,,,15,-0.10682423021257365,3766,1344,0.32589285714285715,0.5296251511487303,0.4035006909258406,0.7610345278329641,0.5537122575618477
IsolationForest,300.0,auto,,,,15,-0.07521112049732659,3959,1151,0.3466550825369244,0.48246674727932287,0.4034378159757331,0.721020874687786,0.5211240095109873
LocalOutlierFactor,,,10.0,,,20,-4.992945671081543,1959,3151,0.25325293557600764,0.9649334945586457,0.40120663650075417,0.9570806774963927,0.9082543668080075
IsolationForest,500.0,auto,,,,15,-0.07631508149089189,3937,1173,0.34185848252344414,0.4848851269649335,0.401,0.7220276388669696,0.4998082673492387
IsolationForest,100.0,0.8,,,,20,-0.10343977197034704,3622,1488,0.3118279569892473,0.5610640870616687,0.4008639308855292,0.7610345278329641,0.5537122575618477
IsolationForest,300.0,auto,,,,20,-0.07372033095872343,3668,1442,0.3079056865464632,0.5368802902055623,0.39136183340678715,0.721020874687786,0.5211240095109873
IsolationForest,500.0,auto,,,,20,-0.07471124369917159,3642,1468,0.30517711171662126,0.5417170495767836,0.3904139433551198,0.7220276388669696,0.4998082673492387
IsolationForest,100.0,auto,,,,10,-0.0761879244693705,4242,868,0.3709677419354839,0.3893591293833132,0.3799410029498525,0.6790521340662065,0.46923711319670425
IsolationForest,100.0,auto,,,,15,-0.07391226925578243,4004,1106,0.32368896925858953,0.4328899637243047,0.37040869115364716,0.6790521340662065,0.46923711319670425
IsolationForest,100.0,auto,,,,20,-0.072510193602072,3734,1376,0.29578488372093026,0.4921402660217654,0.36949614162505673,0.6790521340662065,0.46923711319670425
