method,augmentation_family,seed,normal_train_used,real_anomaly_seed_used,generated_anomaly_used,total_anomaly_train_used,normal_to_anomaly_ratio,threshold,validation_precision,validation_recall,validation_f1,precision,recall,f1,f2,auroc,auprc,pred_anomaly,false_negative,false_positive
Original only,none,100,5000,247,0,247,20.242914979757085,0.9099999999999999,0.8062015503875969,0.6341463414634146,0.7098976109215017,0.8522167487684729,0.5844594594594594,0.6933867735470942,0.6236481614996395,0.9550002426124509,0.7766584890567292,203,123,30
Magnitude warping,traditional,100,5000,247,1000,1247,4.0096230954290295,0.8099999999999999,0.8759124087591241,0.7317073170731707,0.7973421926910299,0.903114186851211,0.8817567567567568,0.8923076923076924,0.8859470468431772,0.9951428987335629,0.9573383098551848,289,35,28
Masking Diffusion,generative,100,5000,247,1000,1247,4.0096230954290295,0.8999999999999999,0.990990990990991,0.6707317073170732,0.8,0.9898477157360406,0.6587837837837838,0.7910750507099391,0.7060101375814627,0.9920896210393517,0.9434546924739347,197,101,2
Filtered@750 Masking Diffusion,generative_filtered,100,5000,247,750,997,5.015045135406218,0.8899999999999999,1.0,0.6341463414634146,0.7761194029850746,1.0,0.6418918918918919,0.7818930041152263,0.6914119359534207,0.9880622543548935,0.9231814874282713,190,106,0
Original only,none,101,5000,247,0,247,20.242914979757085,0.9099999999999999,0.7936507936507936,0.6097560975609756,0.6896551724137931,0.8199052132701422,0.5844594594594594,0.6824457593688363,0.6200716845878136,0.9565723712940948,0.7834092898806588,211,123,38
Magnitude warping,traditional,101,5000,247,1000,1247,4.0096230954290295,0.82,0.9365079365079365,0.7195121951219512,0.8137931034482758,0.94140625,0.8141891891891891,0.8731884057971014,0.8368055555555556,0.994808093551361,0.9591573988431498,256,55,15
Masking Diffusion,generative,101,5000,247,1000,1247,4.0096230954290295,0.8699999999999999,0.923728813559322,0.6646341463414634,0.7730496453900709,0.9068825910931174,0.7567567567567568,0.8250460405156538,0.782669461914745,0.9896113348537047,0.9202848524697045,247,72,23
Filtered@750 Masking Diffusion,generative_filtered,101,5000,247,750,997,5.015045135406218,0.8599999999999999,0.859375,0.6707317073170732,0.7534246575342466,0.8171641791044776,0.7398648648648649,0.776595744680851,0.7541322314049587,0.9861892862341695,0.8869219812473293,268,77,49
Original only,none,102,5000,247,0,247,20.242914979757085,0.8999999999999999,0.7266187050359713,0.6158536585365854,0.6666666666666666,0.7782426778242678,0.6283783783783784,0.6953271028037383,0.6535488404778637,0.9582827890727352,0.7934841812950544,239,110,53
Magnitude warping,traditional,102,5000,247,1000,1247,4.0096230954290295,0.83,0.8863636363636364,0.7134146341463414,0.7905405405405406,0.8776978417266187,0.8243243243243243,0.8501742160278746,0.8344733242134063,0.9917572419816585,0.9425045027755826,278,52,34
Masking Diffusion,generative,102,5000,247,1000,1247,4.0096230954290295,0.8699999999999999,0.8769230769230769,0.6951219512195121,0.7755102040816326,0.916,0.7736486486486487,0.8388278388278388,0.798465829846583,0.9866138580231938,0.9200609199921334,250,67,21
Filtered@750 Masking Diffusion,generative_filtered,102,5000,247,750,997,5.015045135406218,0.8899999999999999,0.832,0.6341463414634146,0.7197231833910035,0.8427947598253275,0.652027027027027,0.7352380952380952,0.6829440905874027,0.9825452472220875,0.877338758144521,229,103,36
Original only,none,103,5000,247,0,247,20.242914979757085,0.9099999999999999,0.6097560975609756,0.6097560975609756,0.6097560975609756,0.7063492063492064,0.6013513513513513,0.6496350364963503,0.6197771587743732,0.952662671648309,0.7465923366351372,252,118,74
Magnitude warping,traditional,103,5000,247,1000,1247,4.0096230954290295,0.8499999999999999,0.8059701492537313,0.6585365853658537,0.7248322147651006,0.8745098039215686,0.7533783783783784,0.809437386569873,0.7748436414176512,0.9894694065699452,0.9210825571787258,255,73,32
Masking Diffusion,generative,103,5000,247,1000,1247,4.0096230954290295,0.8999999999999999,0.9137931034482759,0.6463414634146342,0.7571428571428571,0.9241706161137441,0.6587837837837838,0.7692307692307693,0.6989247311827957,0.9822674559658402,0.8893004661520074,211,101,16
Filtered@750 Masking Diffusion,generative_filtered,103,5000,247,750,997,5.015045135406218,0.8699999999999999,0.6666666666666666,0.6951219512195121,0.6805970149253732,0.6786786786786787,0.7635135135135135,0.7186009538950715,0.7448912326961108,0.9770076180309573,0.8466962559659748,333,70,107
Original only,none,104,5000,247,0,247,20.242914979757085,0.8799999999999999,0.675,0.6585365853658537,0.6666666666666666,0.708185053380783,0.6722972972972973,0.6897746967071057,0.6791808873720137,0.9594546072104421,0.7867641751876456,281,97,82
Magnitude warping,traditional,104,5000,247,1000,1247,4.0096230954290295,0.83,0.916030534351145,0.7317073170731707,0.8135593220338984,0.9351145038167938,0.8277027027027027,0.8781362007168458,0.84716459197787,0.9941384831869571,0.9479376115988504,262,51,17
Masking Diffusion,generative,104,5000,247,1000,1247,4.0096230954290295,0.8699999999999999,0.925,0.676829268292683,0.7816901408450704,0.935064935064935,0.7297297297297297,0.8197343453510436,0.7632508833922261,0.9898903391722065,0.9210508953512625,231,80,15
Filtered@750 Masking Diffusion,generative_filtered,104,5000,247,750,997,5.015045135406218,0.8699999999999999,0.8372093023255814,0.6585365853658537,0.7372013651877133,0.8813559322033898,0.7027027027027027,0.7819548872180451,0.7323943661971831,0.9876413217526323,0.9104358263693428,236,88,28
Original only,none,105,5000,247,0,247,20.242914979757085,0.9099999999999999,0.768,0.5853658536585366,0.6643598615916955,0.8169014084507042,0.5878378378378378,0.6836935166994106,0.6227630637079457,0.9557438497743704,0.7849784252797719,213,122,39
Magnitude warping,traditional,105,5000,247,1000,1247,4.0096230954290295,0.83,0.928,0.7073170731707317,0.8027681660899654,0.9604743083003953,0.8209459459459459,0.8852459016393442,0.8455114822546973,0.9949306128390508,0.9642292126323206,253,53,10
Masking Diffusion,generative,105,5000,247,1000,1247,4.0096230954290295,0.8699999999999999,0.9105691056910569,0.6829268292682927,0.7804878048780488,0.9377593360995851,0.7635135135135135,0.8417132216014898,0.7929824561403509,0.9911822504730943,0.9406018613450444,241,70,15
Filtered@750 Masking Diffusion,generative_filtered,105,5000,247,750,997,5.015045135406218,0.8899999999999999,0.954954954954955,0.6463414634146342,0.7709090909090909,0.9754901960784313,0.6722972972972973,0.796,0.7168587896253602,0.9889744771701684,0.9232558197766773,204,97,5
Original only,none,106,5000,247,0,247,20.242914979757085,0.8899999999999999,0.746268656716418,0.6097560975609756,0.6711409395973155,0.8225108225108225,0.6418918918918919,0.7210626185958254,0.6713780918727915,0.9634577126498132,0.8152630378204309,231,106,41
Magnitude warping,traditional,106,5000,247,1000,1247,4.0096230954290295,0.83,0.9586776859504132,0.7073170731707317,0.8140350877192982,0.9670781893004116,0.793918918918919,0.8719851576994434,0.8234057463209531,0.9967053229171721,0.9732725680884992,243,61,8
Masking Diffusion,generative,106,5000,247,1000,1247,4.0096230954290295,0.8699999999999999,0.9821428571428571,0.6707317073170732,0.7971014492753623,0.9911504424778761,0.7567567567567568,0.8582375478927203,0.7943262411347518,0.9929278470571109,0.9591202243848362,226,72,2
Filtered@750 Masking Diffusion,generative_filtered,106,5000,247,750,997,5.015045135406218,0.8499999999999999,0.8484848484848485,0.6829268292682927,0.7567567567567568,0.9076923076923077,0.7972972972972973,0.8489208633093526,0.817174515235457,0.9919319229462855,0.9432465370033545,260,60,24
Original only,none,107,5000,247,0,247,20.242914979757085,0.8899999999999999,0.6933333333333334,0.6341463414634146,0.6624203821656051,0.732824427480916,0.6486486486486487,0.6881720430107527,0.6639004149377593,0.957577999902955,0.7834861627853317,262,104,70
Magnitude warping,traditional,107,5000,247,1000,1247,4.0096230954290295,0.82,0.921875,0.7195121951219512,0.8082191780821918,0.9057971014492754,0.8445945945945946,0.8741258741258742,0.8561643835616438,0.9919586103158813,0.9368799078911161,276,46,26
Masking Diffusion,generative,107,5000,247,1000,1247,4.0096230954290295,0.8699999999999999,0.8854961832061069,0.7073170731707317,0.7864406779661017,0.905511811023622,0.777027027027027,0.8363636363636363,0.799721835883171,0.9894876025037604,0.9256328224146495,254,66,24
Filtered@750 Masking Diffusion,generative_filtered,107,5000,247,750,997,5.015045135406218,0.8699999999999999,0.8409090909090909,0.676829268292683,0.75,0.8588709677419355,0.7195945945945946,0.7830882352941176,0.7437150837988827,0.9841343587752923,0.89338164231814,248,83,35
Original only,none,108,5000,247,0,247,20.242914979757085,0.8899999999999999,0.695364238410596,0.6402439024390244,0.6666666666666666,0.6971830985915493,0.668918918918919,0.6827586206896552,0.6743869209809265,0.952925906157504,0.747329516245684,284,98,86
Magnitude warping,traditional,108,5000,247,1000,1247,4.0096230954290295,0.8099999999999999,0.8661971830985915,0.75,0.803921568627451,0.8322368421052632,0.8547297297297297,0.8433333333333334,0.8501344086021505,0.991088844679509,0.9208125068318589,304,43,51
Masking Diffusion,generative,108,5000,247,1000,1247,4.0096230954290295,0.8599999999999999,0.889763779527559,0.6890243902439024,0.7766323024054983,0.8592057761732852,0.8040540540540541,0.8307155322862129,0.8145106091718002,0.9865289436653888,0.9091203689870144,277,58,39
Filtered@750 Masking Diffusion,generative_filtered,108,5000,247,750,997,5.015045135406218,0.8499999999999999,0.8467153284671532,0.7073170731707317,0.770764119601329,0.788961038961039,0.8209459459459459,0.804635761589404,0.814343163538874,0.9841016060944248,0.8871582669342252,308,53,65
Original only,none,109,5000,247,0,247,20.242914979757085,0.9299999999999999,0.9347826086956522,0.524390243902439,0.671875,0.971830985915493,0.46621621621621623,0.6301369863013698,0.5203619909502263,0.957745402494056,0.7945780609735656,142,158,4
Magnitude warping,traditional,109,5000,247,1000,1247,4.0096230954290295,0.83,0.9661016949152542,0.6951219512195121,0.8085106382978723,0.97165991902834,0.8108108108108109,0.8839779005524862,0.8385744234800838,0.9956123538259983,0.9688889764901258,247,56,7
Masking Diffusion,generative,109,5000,247,1000,1247,4.0096230954290295,0.8899999999999999,0.963963963963964,0.6524390243902439,0.7781818181818182,0.9951690821256038,0.6959459459459459,0.8190854870775348,0.7404744787922358,0.9907685962443593,0.9444363561580001,207,90,1
Filtered@750 Masking Diffusion,generative_filtered,109,5000,247,750,997,5.015045135406218,0.8599999999999999,0.9173553719008265,0.676829268292683,0.7789473684210526,0.952,0.8040540540540541,0.8717948717948718,0.8298465829846583,0.9916068222621186,0.9470315828192248,250,58,12
Original only,none,110,5000,247,0,247,20.242914979757085,0.8999999999999999,0.8181818181818182,0.6036585365853658,0.6947368421052632,0.8301886792452831,0.5945945945945946,0.6929133858267716,0.6303724928366762,0.962158522975399,0.7997810257230966,212,120,36
Magnitude warping,traditional,110,5000,247,1000,1247,4.0096230954290295,0.83,0.9911504424778761,0.6829268292682927,0.8086642599277978,0.9834710743801653,0.8040540540540541,0.8847583643122676,0.8345021037868162,0.9963341258673395,0.9710290473261359,242,58,4
Masking Diffusion,generative,110,5000,247,1000,1247,4.0096230954290295,0.8699999999999999,0.875,0.6829268292682927,0.7671232876712328,0.9057377049180327,0.7466216216216216,0.8185185185185185,0.7738095238095238,0.9882915231209666,0.9179146124658111,244,75,23
Filtered@750 Masking Diffusion,generative_filtered,110,5000,247,750,997,5.015045135406218,0.8799999999999999,0.9173553719008265,0.676829268292683,0.7789473684210526,0.8898678414096917,0.6824324324324325,0.7724665391969407,0.7158043940467753,0.9873890048037266,0.9142504269354267,227,94,25
Original only,none,111,5000,247,0,247,20.242914979757085,0.9299999999999999,0.8653846153846154,0.5487804878048781,0.6716417910447762,0.9548387096774194,0.5,0.656319290465632,0.5526512322628827,0.9570054345188994,0.789764463947505,155,148,7
Magnitude warping,traditional,111,5000,247,1000,1247,4.0096230954290295,0.83,0.9590163934426229,0.7134146341463414,0.8181818181818182,0.9713114754098361,0.8006756756756757,0.8777777777777778,0.8298319327731093,0.9931522635741666,0.9546438774933108,244,59,7
Masking Diffusion,generative,111,5000,247,1000,1247,4.0096230954290295,0.8799999999999999,0.9553571428571429,0.6524390243902439,0.7753623188405797,0.9424778761061947,0.7195945945945946,0.8160919540229885,0.7553191489361702,0.9871379009170751,0.9182649598473926,226,83,13
Filtered@750 Masking Diffusion,generative_filtered,111,5000,247,750,997,5.015045135406218,0.8899999999999999,0.9464285714285714,0.6463414634146342,0.7681159420289855,0.9375,0.6587837837837838,0.7738095238095238,0.7004310344827587,0.9856203600368771,0.9059148079434305,208,101,13
Original only,none,112,5000,247,0,247,20.242914979757085,0.9099999999999999,0.9574468085106383,0.5487804878048781,0.6976744186046512,0.9230769230769231,0.527027027027027,0.6709677419354839,0.5764966740576497,0.9602661458586055,0.8034156890801594,169,140,13
Magnitude warping,traditional,112,5000,247,1000,1247,4.0096230954290295,0.82,0.9649122807017544,0.6707317073170732,0.7913669064748201,0.9446640316205533,0.8074324324324325,0.8706739526411658,0.8315935977731385,0.99521446940657,0.9614936369235503,253,57,14
Masking Diffusion,generative,112,5000,247,1000,1247,4.0096230954290295,0.84,0.9658119658119658,0.6890243902439024,0.8042704626334519,0.9568627450980393,0.8243243243243243,0.8856624319419237,0.8478109798471161,0.9940220292105391,0.9602878437937522,255,52,11
Filtered@750 Masking Diffusion,generative_filtered,112,5000,247,750,997,5.015045135406218,0.8699999999999999,0.9722222222222222,0.6402439024390244,0.7720588235294118,0.9634703196347032,0.7128378378378378,0.8194174757281554,0.751960085531005,0.9915534475229268,0.9390299924847466,219,85,8
Original only,none,113,5000,247,0,247,20.242914979757085,0.9199999999999999,0.8461538461538461,0.5365853658536586,0.6567164179104478,0.8735632183908046,0.5135135135135135,0.6468085106382979,0.5596465390279823,0.9568901936047358,0.7851301740630278,174,144,22
Magnitude warping,traditional,113,5000,247,1000,1247,4.0096230954290295,0.83,0.9661016949152542,0.6951219512195121,0.8085106382978723,0.9672131147540983,0.7972972972972973,0.8740740740740741,0.8263305322128851,0.9941202872531418,0.9598498972483359,244,60,8
Masking Diffusion,generative,113,5000,247,1000,1247,4.0096230954290295,0.8799999999999999,0.9826086956521739,0.6890243902439024,0.8100358422939068,0.9864253393665159,0.7364864864864865,0.8433268858800773,0.7758007117437722,0.9877395797952351,0.9336358061554575,221,78,3
Filtered@750 Masking Diffusion,generative_filtered,113,5000,247,750,997,5.015045135406218,0.8599999999999999,0.8854961832061069,0.7073170731707317,0.7864406779661017,0.9049429657794676,0.8040540540540541,0.851520572450805,0.8223911541119557,0.9864039982531904,0.9240983410177078,263,58,25
Original only,none,114,5000,247,0,247,20.242914979757085,0.9299999999999999,0.8018867924528302,0.5182926829268293,0.6296296296296297,0.8083832335329342,0.4560810810810811,0.5831533477321814,0.4996299037749815,0.9557292930273181,0.7693554613478975,167,161,32
Magnitude warping,traditional,114,5000,247,1000,1247,4.0096230954290295,0.8499999999999999,0.990990990990991,0.6707317073170732,0.8,0.9864864864864865,0.7398648648648649,0.8455598455598455,0.7788051209103841,0.9943932262603717,0.9574487206573674,222,77,3
Masking Diffusion,generative,114,5000,247,1000,1247,4.0096230954290295,0.8799999999999999,0.9658119658119658,0.6890243902439024,0.8042704626334519,0.9444444444444444,0.7466216216216216,0.8339622641509434,0.7792665726375176,0.9890897180843321,0.9298673360423745,234,75,13
Filtered@750 Masking Diffusion,generative_filtered,114,5000,247,750,997,5.015045135406218,0.8899999999999999,0.864,0.6585365853658537,0.7474048442906575,0.9074889867841409,0.6959459459459459,0.7877629063097514,0.7299787384833452,0.9867339511863749,0.9110548339077829,227,90,21
Original only,none,115,5000,247,0,247,20.242914979757085,0.9099999999999999,0.7034482758620689,0.6219512195121951,0.6601941747572816,0.75,0.5878378378378378,0.6590909090909091,0.614406779661017,0.9518656897471979,0.7575544821784405,232,122,58
Magnitude warping,traditional,115,5000,247,1000,1247,4.0096230954290295,0.8499999999999999,0.9230769230769231,0.6585365853658537,0.7686832740213523,0.9641255605381166,0.7263513513513513,0.8285163776493256,0.7640369580668088,0.9903391722063175,0.9339671600206114,223,81,8
Masking Diffusion,generative,115,5000,247,1000,1247,4.0096230954290295,0.8999999999999999,0.9272727272727272,0.6219512195121951,0.7445255474452555,0.9128205128205128,0.6013513513513513,0.725050916496945,0.6453952139231327,0.9818829152312096,0.8782990564081958,195,118,17
Filtered@750 Masking Diffusion,generative_filtered,115,5000,247,750,997,5.015045135406218,0.8699999999999999,0.8629032258064516,0.6524390243902439,0.7430555555555556,0.823076923076923,0.722972972972973,0.7697841726618705,0.7409972299168975,0.9805352030666215,0.8770027557575156,260,82,46
Original only,none,116,5000,247,0,247,20.242914979757085,0.9099999999999999,0.8319327731092437,0.6036585365853658,0.6996466431095406,0.855,0.5777027027027027,0.6895161290322581,0.6177745664739884,0.9582476102673589,0.7847609767400365,200,125,29
Magnitude warping,traditional,116,5000,247,1000,1247,4.0096230954290295,0.82,0.8837209302325582,0.6951219512195121,0.7781569965870307,0.9087591240875912,0.8412162162162162,0.8736842105263158,0.8539094650205762,0.9949560871463923,0.9601631650414459,274,47,25
Masking Diffusion,generative,116,5000,247,1000,1247,4.0096230954290295,0.8599999999999999,0.9338842975206612,0.6890243902439024,0.7929824561403509,0.9446640316205533,0.8074324324324325,0.8706739526411658,0.8315935977731385,0.9913023436362753,0.9442720386433731,253,57,14
Filtered@750 Masking Diffusion,generative_filtered,116,5000,247,750,997,5.015045135406218,0.8499999999999999,0.9186991869918699,0.6890243902439024,0.7874564459930313,0.93359375,0.8074324324324325,0.8659420289855072,0.8298611111111112,0.9934907079431317,0.9551371648484328,256,57,17
Original only,none,117,5000,247,0,247,20.242914979757085,0.9099999999999999,0.8015267175572519,0.6402439024390244,0.711864406779661,0.8160377358490566,0.5844594594594594,0.6811023622047244,0.6196275071633238,0.9585266145858605,0.7856029799726345,212,123,39
Magnitude warping,traditional,117,5000,247,1000,1247,4.0096230954290295,0.8499999999999999,0.9669421487603306,0.7134146341463414,0.8210526315789474,0.9605263157894737,0.7398648648648649,0.8358778625954199,0.7754957507082153,0.9939795720316366,0.9547392230154939,228,77,9
Masking Diffusion,generative,117,5000,247,1000,1247,4.0096230954290295,0.8799999999999999,0.9741379310344828,0.6890243902439024,0.8071428571428572,0.9770642201834863,0.7195945945945946,0.8287937743190662,0.7596291012838802,0.9916371488184774,0.943045892348032,218,83,5
Filtered@750 Masking Diffusion,generative_filtered,117,5000,247,750,997,5.015045135406218,0.8799999999999999,0.9827586206896551,0.6951219512195121,0.8142857142857143,0.9952380952380953,0.706081081081081,0.8260869565217391,0.7496413199426112,0.9910767140569654,0.9375048974011333,210,87,1
Original only,none,118,5000,247,0,247,20.242914979757085,0.9199999999999999,0.7804878048780488,0.5853658536585366,0.6689895470383276,0.8195876288659794,0.5371621621621622,0.6489795918367347,0.5769230769230769,0.956152651754088,0.7746365802485026,194,137,35
Magnitude warping,traditional,118,5000,247,1000,1247,4.0096230954290295,0.8499999999999999,0.8863636363636364,0.7134146341463414,0.7905405405405406,0.916,0.7736486486486487,0.8388278388278388,0.798465829846583,0.9918009122228153,0.9377712515950055,250,67,21
Masking Diffusion,generative,118,5000,247,1000,1247,4.0096230954290295,0.8899999999999999,0.9824561403508771,0.6829268292682927,0.8057553956834532,0.9899497487437185,0.6655405405405406,0.795959595959596,0.7122198120028923,0.9914806637876656,0.94140791532089,199,99,2
Filtered@750 Masking Diffusion,generative_filtered,118,5000,247,750,997,5.015045135406218,0.8899999999999999,0.9333333333333333,0.6829268292682927,0.7887323943661971,0.9408866995073891,0.6452702702702703,0.7655310621242485,0.6885364095169431,0.9890763743995342,0.9187424985609808,203,105,12
Original only,none,119,5000,247,0,247,20.242914979757085,0.9199999999999999,0.8518518518518519,0.5609756097560976,0.6764705882352942,0.9064327485380117,0.5236486486486487,0.6638115631691649,0.5719557195571956,0.9638471056334611,0.8137171268955876,171,141,16
Magnitude warping,traditional,119,5000,247,1000,1247,4.0096230954290295,0.82,0.9166666666666666,0.7378048780487805,0.8175675675675675,0.920863309352518,0.8648648648648649,0.89198606271777,0.8755129958960328,0.9958670968994129,0.9643839803965323,278,40,22
Masking Diffusion,generative,119,5000,247,1000,1247,4.0096230954290295,0.8599999999999999,0.8345323741007195,0.7073170731707317,0.7656765676567657,0.875,0.8277027027027027,0.8506944444444444,0.8367486338797814,0.9926330729293027,0.9401607608851674,280,51,35
Filtered@750 Masking Diffusion,generative_filtered,119,5000,247,750,997,5.015045135406218,0.8899999999999999,1.0,0.6463414634146342,0.7851851851851852,0.9791666666666666,0.6351351351351351,0.7704918032786885,0.6831395348837209,0.9929909262943375,0.9460993266506712,192,108,4
Original only,none,120,5000,247,0,247,20.242914979757085,0.9299999999999999,0.9139784946236559,0.5182926829268293,0.6614785992217899,0.9568345323741008,0.44932432432432434,0.6114942528735632,0.5026455026455027,0.9569569120287253,0.7854710299454845,139,163,6
Magnitude warping,traditional,120,5000,247,1000,1247,4.0096230954290295,0.83,0.8947368421052632,0.725609756097561,0.8013468013468014,0.8985507246376812,0.8378378378378378,0.8671328671328671,0.8493150684931506,0.9940875345722742,0.9577960662355123,276,48,28
Masking Diffusion,generative,120,5000,247,1000,1247,4.0096230954290295,0.8699999999999999,0.8248175182481752,0.6890243902439024,0.7508305647840532,0.8697318007662835,0.7668918918918919,0.8150807899461401,0.7854671280276817,0.9878147896550051,0.9141813656558243,261,69,34
Filtered@750 Masking Diffusion,generative_filtered,120,5000,247,750,997,5.015045135406218,0.8999999999999999,0.9026548672566371,0.6219512195121951,0.7364620938628159,0.9222797927461139,0.6013513513513513,0.7280163599182005,0.6463326071169209,0.9850465815905672,0.8932503335314194,193,118,15
Original only,none,121,5000,247,0,247,20.242914979757085,0.9299999999999999,0.8952380952380953,0.573170731707317,0.6988847583643123,0.9382716049382716,0.5135135135135135,0.6637554585152838,0.5646359583952452,0.9525377262361104,0.7915072807336073,162,144,10
Magnitude warping,traditional,121,5000,247,1000,1247,4.0096230954290295,0.8499999999999999,0.9322033898305084,0.6707317073170732,0.7801418439716312,0.9541666666666667,0.7736486486486487,0.8544776119402985,0.8040730337078652,0.9921090300354214,0.9475165646906117,240,67,11
Masking Diffusion,generative,121,5000,247,1000,1247,4.0096230954290295,0.8999999999999999,0.9646017699115044,0.6646341463414634,0.7870036101083032,0.995049504950495,0.6790540540540541,0.8072289156626506,0.7251082251082251,0.9837728662234946,0.9096796433904186,202,95,1
Filtered@750 Masking Diffusion,generative_filtered,121,5000,247,750,997,5.015045135406218,0.8999999999999999,0.8983050847457628,0.6463414634146342,0.75177304964539,0.9121951219512195,0.6317567567567568,0.7465069860279441,0.6731461483081354,0.9818077053714396,0.8891307381278831,205,109,18
Original only,none,122,5000,247,0,247,20.242914979757085,0.9299999999999999,0.9555555555555556,0.524390243902439,0.6771653543307087,0.935064935064935,0.4864864864864865,0.64,0.5381165919282511,0.9534293269930613,0.7852872903676015,154,152,10
Magnitude warping,traditional,122,5000,247,1000,1247,4.0096230954290295,0.84,0.9147286821705426,0.7195121951219512,0.8054607508532423,0.9357429718875502,0.7871621621621622,0.8550458715596331,0.8129797627355199,0.9932068513756127,0.9493232893799474,249,63,16
Masking Diffusion,generative,122,5000,247,1000,1247,4.0096230954290295,0.8899999999999999,0.9396551724137931,0.6646341463414634,0.7785714285714286,0.9753694581280788,0.668918918918919,0.7935871743486974,0.7137707281903388,0.9859503129700615,0.9162708314453947,203,98,5
Filtered@750 Masking Diffusion,generative_filtered,122,5000,247,750,997,5.015045135406218,0.8699999999999999,0.9416666666666667,0.6890243902439024,0.795774647887324,0.9541666666666667,0.7736486486486487,0.8544776119402985,0.8040730337078652,0.9881508078994614,0.9300025099816762,240,67,11
Original only,none,123,5000,247,0,247,20.242914979757085,0.9099999999999999,0.7557251908396947,0.6036585365853658,0.6711864406779661,0.788135593220339,0.6283783783783784,0.6992481203007519,0.6549295774647887,0.9523084574700373,0.7806387184487371,236,110,50
Magnitude warping,traditional,123,5000,247,1000,1247,4.0096230954290295,0.8799999999999999,0.9722222222222222,0.6402439024390244,0.7720588235294118,0.9748743718592965,0.6554054054054054,0.7838383838383839,0.7013738250180767,0.9887076034742104,0.9226014644152948,199,102,5
Masking Diffusion,generative,123,5000,247,1000,1247,4.0096230954290295,0.8999999999999999,0.9122807017543859,0.6341463414634146,0.7482014388489209,0.8918918918918919,0.668918918918919,0.7644787644787645,0.7041251778093883,0.982728419622495,0.8891806500230075,222,98,24
Filtered@750 Masking Diffusion,generative_filtered,123,5000,247,750,997,5.015045135406218,0.8599999999999999,0.7876712328767124,0.7012195121951219,0.7419354838709677,0.7763157894736842,0.7972972972972973,0.7866666666666666,0.793010752688172,0.9812023873065165,0.8796799014424825,304,60,68
Original only,none,124,5000,247,0,247,20.242914979757085,0.9099999999999999,0.8857142857142857,0.5670731707317073,0.6914498141263941,0.8913043478260869,0.5540540540540541,0.6833333333333333,0.5994152046783626,0.9601278567616089,0.8006145427153712,184,132,20
Magnitude warping,traditional,124,5000,247,1000,1247,4.0096230954290295,0.7899999999999999,0.8962962962962963,0.7378048780487805,0.8093645484949833,0.9131944444444444,0.8885135135135135,0.9006849315068494,0.8933423913043478,0.9957009073705663,0.9674476393320115,288,33,25
Masking Diffusion,generative,124,5000,247,1000,1247,4.0096230954290295,0.8599999999999999,0.9354838709677419,0.7073170731707317,0.8055555555555556,0.9467213114754098,0.7804054054054054,0.8555555555555555,0.8088235294117647,0.9915303993400941,0.9433954021151676,244,65,13
Filtered@750 Masking Diffusion,generative_filtered,124,5000,247,750,997,5.015045135406218,0.84,0.8712121212121212,0.7012195121951219,0.777027027027027,0.8992537313432836,0.8141891891891891,0.8546099290780141,0.8298898071625345,0.9895688776748024,0.9332988260413212,268,55,27
Original only,none,125,5000,247,0,247,20.242914979757085,0.9199999999999999,0.9545454545454546,0.5121951219512195,0.6666666666666666,0.952054794520548,0.46959459459459457,0.6289592760180995,0.5225563909774437,0.9609988354602358,0.7938239592246443,146,157,7
Magnitude warping,traditional,125,5000,247,1000,1247,4.0096230954290295,0.8099999999999999,0.8461538461538461,0.7378048780487805,0.7882736156351792,0.8461538461538461,0.8547297297297297,0.8504201680672269,0.8530006743088334,0.9926294337425396,0.9378458344369575,299,43,46
Masking Diffusion,generative,125,5000,247,1000,1247,4.0096230954290295,0.8599999999999999,0.8571428571428571,0.6951219512195121,0.7676767676767676,0.8783269961977186,0.7804054054054054,0.8264758497316637,0.7982031789910159,0.9896040564801787,0.9164127915576009,263,65,32
Filtered@750 Masking Diffusion,generative_filtered,125,5000,247,750,997,5.015045135406218,0.8899999999999999,0.9809523809523809,0.6280487804878049,0.7657992565055762,0.9742268041237113,0.6385135135135135,0.7714285714285715,0.6857764876632801,0.990627881022854,0.9299557622637247,194,107,5
Original only,none,126,5000,247,0,247,20.242914979757085,0.9099999999999999,0.6333333333333333,0.5792682926829268,0.6050955414012739,0.660377358490566,0.5912162162162162,0.6238859180035651,0.6038647342995169,0.948680188267262,0.7082023516809092,265,121,90
Magnitude warping,traditional,126,5000,247,1000,1247,4.0096230954290295,0.8599999999999999,0.8571428571428571,0.6585365853658537,0.7448275862068966,0.8647540983606558,0.7128378378378378,0.7814814814814814,0.738795518207283,0.9877638410403222,0.9096513126278021,244,85,33
Masking Diffusion,generative,126,5000,247,1000,1247,4.0096230954290295,0.8699999999999999,0.8283582089552238,0.676829268292683,0.7449664429530202,0.8062283737024222,0.7871621621621622,0.7965811965811965,0.7909029192124916,0.9822201465379203,0.8800484847528985,289,63,56
Filtered@750 Masking Diffusion,generative_filtered,126,5000,247,750,997,5.015045135406218,0.9099999999999999,0.9393939393939394,0.5670731707317073,0.7072243346007605,0.8956043956043956,0.5506756756756757,0.6820083682008368,0.5966325036603221,0.9812533359211995,0.8705870220275053,182,133,19
Original only,none,127,5000,247,0,247,20.242914979757085,0.9199999999999999,0.8521739130434782,0.5975609756097561,0.7025089605734767,0.868421052631579,0.5574324324324325,0.6790123456790124,0.6004366812227074,0.9551191227133776,0.7920716181566934,190,131,25
Magnitude warping,traditional,127,5000,247,1000,1247,4.0096230954290295,0.8499999999999999,0.9911504424778761,0.6829268292682927,0.8086642599277978,0.9909502262443439,0.7398648648648649,0.8471953578336557,0.7793594306049823,0.9908389538551118,0.9390654122077895,221,77,2
Masking Diffusion,generative,127,5000,247,1000,1247,4.0096230954290295,0.8899999999999999,1.0,0.6585365853658537,0.7941176470588235,0.9596412556053812,0.722972972972973,0.8246628131021194,0.7604832977967306,0.9868698141588627,0.9278468802979403,223,82,9
Filtered@750 Masking Diffusion,generative_filtered,127,5000,247,750,997,5.015045135406218,0.8799999999999999,0.8769230769230769,0.6951219512195121,0.7755102040816326,0.8902439024390244,0.7398648648648649,0.8081180811808119,0.7657342657342657,0.9846159444902712,0.9061054435246089,246,77,27
Original only,none,128,5000,247,0,247,20.242914979757085,0.8899999999999999,0.7482014388489209,0.6341463414634146,0.6864686468646864,0.7883817427385892,0.6418918918918919,0.707635009310987,0.6666666666666666,0.9623137949439564,0.8098466350380266,241,106,51
Magnitude warping,traditional,128,5000,247,1000,1247,4.0096230954290295,0.83,0.9262295081967213,0.6890243902439024,0.7902097902097902,0.9565217391304348,0.8175675675675675,0.8816029143897997,0.8420320111343076,0.9944951234897375,0.9579864061635708,253,54,11
Masking Diffusion,generative,128,5000,247,1000,1247,4.0096230954290295,0.8699999999999999,0.9327731092436975,0.676829268292683,0.784452296819788,0.940677966101695,0.75,0.8345864661654135,0.7816901408450704,0.9900298413314571,0.9322636289338311,236,74,14
Filtered@750 Masking Diffusion,generative_filtered,128,5000,247,750,997,5.015045135406218,0.8699999999999999,0.9391304347826087,0.6585365853658537,0.7741935483870968,0.9391304347826087,0.7297297297297297,0.8212927756653993,0.7637906647807637,0.9900917075064293,0.9317998455938066,230,80,14
Original only,none,129,5000,247,0,247,20.242914979757085,0.9199999999999999,0.9230769230769231,0.5853658536585366,0.7164179104477612,0.9060773480662984,0.5540540540540541,0.6876310272536688,0.6007326007326007,0.9612596438449221,0.8078861612185244,181,132,17
Magnitude warping,traditional,129,5000,247,1000,1247,4.0096230954290295,0.8099999999999999,0.8620689655172413,0.7621951219512195,0.8090614886731392,0.8954703832752613,0.8682432432432432,0.8816466552315609,0.8735554044867437,0.995118637488476,0.961904527850994,287,39,30
Masking Diffusion,generative,129,5000,247,1000,1247,4.0096230954290295,0.8499999999999999,0.8489208633093526,0.7195121951219512,0.7788778877887789,0.8203389830508474,0.8175675675675675,0.8189509306260575,0.8181203515889114,0.9891030617691301,0.9188947990223277,295,54,53
Filtered@750 Masking Diffusion,generative_filtered,129,5000,247,750,997,5.015045135406218,0.8499999999999999,0.85,0.725609756097561,0.7828947368421053,0.8253424657534246,0.8141891891891891,0.8197278911564626,0.8163956639566395,0.9871184919210053,0.8981987603465841,292,55,51
