method,augmentation_family,seed,generated_anomaly_used,threshold,validation_precision,validation_recall,validation_f1,precision,recall,f1,f2,auprc,false_negative,false_positive
Original only,none,42,0,0.05,0.1796276013143483,1.0,0.3045496750232126,0.1177875049741345,1.0,0.21075115699537203,0.4003245875033811,0.8099188711307705,0,2217
Original only,none,42,0,0.06,0.18385650224215247,1.0,0.3106060606060606,0.12008113590263692,1.0,0.21441506700470844,0.4055905727596602,0.8099188711307705,0,2169
Original only,none,42,0,0.07,0.18510158013544017,1.0,0.31238095238095237,0.1221626083367726,1.0,0.21772710555351232,0.41031327973385084,0.8099188711307705,0,2127
Original only,none,42,0,0.08,0.18594104308390022,1.0,0.3135755258126195,0.1248945147679325,1.0,0.2220555138784696,0.41643218908272367,0.8099188711307705,0,2074
Original only,none,42,0,0.09,0.18785796105383734,1.0,0.3162970106075217,0.12665810868635002,1.0,0.224838587162932,0.4203351320647543,0.8099188711307705,0,2041
Original only,none,42,0,0.09999999999999999,0.1902552204176334,1.0,0.31968810916179335,0.1288076588337685,1.0,0.228218966846569,0.4250430786904078,0.8099188711307705,0,2002
Original only,none,42,0,0.10999999999999999,0.1920374707259953,1.0,0.32220039292730845,0.13068432671081678,1.0,0.23115970324092153,0.429109886923746,0.8099188711307705,0,1969
Original only,none,42,0,0.12,0.19547079856972585,1.0,0.3270189431704885,0.1322609472743521,1.0,0.23362273086029992,0.4324956165984804,0.8099188711307705,0,1942
Original only,none,42,0,0.13,0.2,1.0,0.3333333333333333,0.13448432530667878,1.0,0.23708450140168202,0.43722304283604135,0.8099188711307705,0,1905
Original only,none,42,0,0.13999999999999999,0.205,1.0,0.34024896265560167,0.13627992633517497,1.0,0.23987034035656402,0.4410011918951132,0.8099188711307705,0,1876
Original only,none,42,0,0.14999999999999997,0.20971867007672634,1.0,0.346723044397463,0.13805970149253732,1.0,0.24262295081967214,0.44471153846153844,0.8099188711307705,0,1848
Original only,none,42,0,0.15999999999999998,0.21409921671018275,1.0,0.35268817204301073,0.14008518693800284,1.0,0.24574512245745123,0.4488929329693661,0.8099188711307705,0,1817
Original only,none,42,0,0.16999999999999998,0.21808510638297873,1.0,0.35807860262008734,0.14169459071325993,1.0,0.2482180293501048,0.45218454017720744,0.8099188711307705,0,1793
Original only,none,42,0,0.18,0.2210242587601078,1.0,0.3620309050772627,0.14410905550146055,1.0,0.2519148936170213,0.4570722668313774,0.8099188711307705,0,1758
Original only,none,42,0,0.19,0.22496570644718794,1.0,0.3673012318029115,0.14574101427868044,1.0,0.25440481306403095,0.4603421461897356,0.8099188711307705,0,1735
Original only,none,42,0,0.19999999999999996,0.2274618585298197,1.0,0.3706214689265537,0.14755732801595214,1.0,0.2571676802780191,0.46394984326018807,0.8099188711307705,0,1710
Original only,none,42,0,0.20999999999999996,0.22777777777777777,1.0,0.37104072398190047,0.14934409687184663,1.0,0.2598770851624232,0.4674668351231838,0.8099188711307705,0,1686
Original only,none,42,0,0.21999999999999997,0.23098591549295774,1.0,0.37528604118993136,0.15033011681056374,1.0,0.26136865342163357,0.4693942277196321,0.8099188711307705,0,1673
Original only,none,42,0,0.22999999999999998,0.23229461756373937,1.0,0.37701149425287356,0.15163934426229508,1.0,0.26334519572953735,0.4719387755102041,0.8099188711307705,0,1656
Original only,none,42,0,0.24,0.23395149786019973,1.0,0.3791907514450867,0.1532884515794925,1.0,0.265828468792097,0.4751203852327448,0.8099188711307705,0,1635
Original only,none,42,0,0.24999999999999994,0.2342857142857143,1.0,0.37962962962962965,0.15456919060052218,1.0,0.2677521483491633,0.47757341077767024,0.8099188711307705,0,1619
Original only,none,42,0,0.25999999999999995,0.23665223665223664,1.0,0.38273045507584597,0.1555438780872307,1.0,0.2692132787630741,0.4794298671849692,0.8099188711307705,0,1607
Original only,none,42,0,0.26999999999999996,0.239067055393586,1.0,0.38588235294117645,0.1570291777188329,1.0,0.2714351215038973,0.4822417725643532,0.8099188711307705,0,1589
Original only,none,42,0,0.27999999999999997,0.24153166421207659,1.0,0.38908659549228947,0.15862808145766344,1.0,0.2738205365402405,0.4852459016393443,0.8099188711307705,0,1570
Original only,none,42,0,0.29,0.24477611940298508,1.0,0.3932853717026379,0.16034669555796316,1.0,0.27637721755368816,0.4884488448844885,0.8099188711307705,0,1550
Original only,none,42,0,0.3,0.24661654135338346,1.0,0.3956574185765983,0.16174863387978142,1.0,0.27845719661335844,0.49104180491041804,0.8099188711307705,0,1534
Original only,none,42,0,0.30999999999999994,0.2496194824961948,1.0,0.3995127892813642,0.16371681415929204,1.0,0.2813688212927757,0.4946524064171123,0.8099188711307705,0,1512
Original only,none,42,0,0.31999999999999995,0.2519201228878648,1.0,0.40245398773006136,0.16554809843400448,1.0,0.2840690978886756,0.4979811574697174,0.8099188711307705,0,1492
Original only,none,42,0,0.32999999999999996,0.25505443234836706,1.0,0.40644361833952913,0.1667605633802817,1.0,0.2858522452921294,0.5001689760054072,0.8099188711307705,0,1479
Original only,none,42,0,0.33999999999999997,0.2586750788643533,1.0,0.41102756892230574,0.16856492027334852,1.0,0.2884990253411306,0.5034013605442177,0.8099188711307705,0,1460
Original only,none,42,0,0.3499999999999999,0.26198083067092653,1.0,0.4151898734177215,0.17031070195627157,1.0,0.2910521140609636,0.5065023956194388,0.8099188711307705,0,1442
Original only,none,42,0,0.35999999999999993,0.2649434571890145,1.0,0.41890166028097064,0.17249417249417248,1.0,0.294234592445328,0.5103448275862069,0.8099188711307705,0,1420
Original only,none,42,0,0.36999999999999994,0.271523178807947,1.0,0.4270833333333333,0.17411764705882352,1.0,0.2965931863727455,0.5131761442441054,0.8099188711307705,0,1404
Original only,none,42,0,0.37999999999999995,0.2765598650927487,1.0,0.4332892998678996,0.17629541393686718,1.0,0.299746835443038,0.516940272441495,0.8099188711307705,0,1383
Original only,none,42,0,0.38999999999999996,0.27986348122866894,1.0,0.43733333333333335,0.18004866180048662,1.0,0.30515463917525776,0.5233380480905233,0.8099188711307705,0,1348
Original only,none,42,0,0.3999999999999999,0.2827586206896552,1.0,0.44086021505376344,0.18316831683168316,1.0,0.30962343096234307,0.5285714285714286,0.8099188711307705,0,1320
Original only,none,42,0,0.4099999999999999,0.28596491228070176,0.9939024390243902,0.444141689373297,0.18592964824120603,1.0,0.3135593220338983,0.5331412103746398,0.8099188711307705,0,1296
Original only,none,42,0,0.41999999999999993,0.2931654676258993,0.9939024390243902,0.4527777777777778,0.18877551020408162,1.0,0.31759656652360513,0.5377906976744186,0.8099188711307705,0,1272
Original only,none,42,0,0.42999999999999994,0.29528985507246375,0.9939024390243902,0.4553072625698324,0.19245773732119636,1.0,0.3227917121046892,0.5437178545187362,0.8099188711307705,0,1242
Original only,none,42,0,0.43999999999999995,0.29908256880733947,0.9939024390243902,0.459802538787024,0.19615639496355203,1.0,0.32797783933518004,0.5495729669513554,0.8099188711307705,0,1213
Original only,none,42,0,0.4499999999999999,0.30280373831775703,0.9878048780487805,0.463519313304721,0.19919246298788695,1.0,0.33221099887766553,0.5543071161048689,0.8099188711307705,0,1190
Original only,none,42,0,0.4599999999999999,0.30623818525519847,0.9878048780487805,0.4675324675324675,0.20273972602739726,1.0,0.33712984054669703,0.5597579425113465,0.8099188711307705,0,1164
Original only,none,42,0,0.4699999999999999,0.3078393881453155,0.9817073170731707,0.46870451237263466,0.20713785864240727,1.0,0.34318840579710147,0.5663987753539992,0.8099188711307705,0,1133
Original only,none,42,0,0.4799999999999999,0.3108108108108108,0.9817073170731707,0.47214076246334313,0.21082621082621084,1.0,0.34823529411764703,0.5718701700154559,0.8099188711307705,0,1108
Original only,none,42,0,0.48999999999999994,0.31176470588235294,0.9695121951219512,0.47181008902077154,0.21464829586656997,1.0,0.3534328358208955,0.5774483027701912,0.8099188711307705,0,1083
Original only,none,42,0,0.49999999999999994,0.316,0.9634146341463414,0.4759036144578313,0.22040208488458674,1.0,0.36119585112873703,0.5856747130985358,0.8099188711307705,0,1047
Original only,none,42,0,0.5099999999999999,0.31983805668016196,0.9634146341463414,0.48024316109422494,0.2237339380196523,1.0,0.3656578134651019,0.5903470283207021,0.8099188711307705,0,1027
Original only,none,42,0,0.5199999999999999,0.32510288065843623,0.9634146341463414,0.48615384615384616,0.227168073676132,1.0,0.3702313946216385,0.5950944913550462,0.8099188711307705,0,1007
Original only,none,42,0,0.5299999999999999,0.32842105263157895,0.9512195121951219,0.48826291079812206,0.23233908948194662,1.0,0.37707006369426754,0.6021155410903173,0.8099188711307705,0,978
Original only,none,42,0,0.5399999999999999,0.3247863247863248,0.926829268292683,0.4810126582278481,0.23698959167333866,1.0,0.3831715210355987,0.6083025071927661,0.8099188711307705,0,953
Original only,none,42,0,0.5499999999999999,0.3267543859649123,0.9085365853658537,0.4806451612903226,0.2428219852337982,1.0,0.39075907590759074,0.6158967956720766,0.8099188711307705,0,923
Original only,none,42,0,0.5599999999999999,0.33035714285714285,0.9024390243902439,0.48366013071895425,0.24769874476987447,1.0,0.3970489604292421,0.6221101303068516,0.8099188711307705,0,899
Original only,none,42,0,0.57,0.332579185520362,0.8963414634146342,0.48514851485148514,0.2547332185886403,1.0,0.4060356652949246,0.6308610400682012,0.8099188711307705,0,866
Original only,none,42,0,0.58,0.33410138248847926,0.8841463414634146,0.48494983277591974,0.26102292768959434,1.0,0.413986013986014,0.6384814495254529,0.8099188711307705,0,838
Original only,none,42,0,0.59,0.3341176470588235,0.8658536585365854,0.48217317487266553,0.2689844464775846,0.9932432432432432,0.42332613390928725,0.6455862977602108,0.8099188711307705,2,799
Original only,none,42,0,0.6,0.332541567695962,0.8536585365853658,0.47863247863247865,0.27502338634237605,0.9932432432432432,0.4307692307692308,0.6524633821571239,0.8099188711307705,2,775
Original only,none,42,0,0.61,0.3357487922705314,0.8475609756097561,0.4809688581314879,0.28351012536162007,0.9932432432432432,0.44111027756939236,0.6618640252138677,0.8099188711307705,2,743
Original only,none,42,0,0.62,0.34236453201970446,0.8475609756097561,0.48771929824561405,0.2919563058589871,0.9932432432432432,0.4512663085188028,0.670926517571885,0.8099188711307705,2,713
Original only,none,42,0,0.63,0.3484848484848485,0.8414634146341463,0.4928571428571429,0.2996941896024465,0.9932432432432432,0.46045418950665623,0.6789838337182448,0.8099188711307705,2,687
Original only,none,42,0,0.6399999999999999,0.3460559796437659,0.8292682926829268,0.4883303411131059,0.3057591623036649,0.9864864864864865,0.46682653876898483,0.6825619448340347,0.8099188711307705,4,663
Original only,none,42,0,0.6499999999999999,0.34536082474226804,0.8170731707317073,0.4855072463768116,0.3111587982832618,0.9797297297297297,0.4723127035830619,0.6852551984877127,0.8099188711307705,6,642
Original only,none,42,0,0.6599999999999999,0.34554973821989526,0.8048780487804879,0.4835164835164835,0.32,0.972972972972973,0.4816053511705686,0.690978886756238,0.8099188711307705,8,612
Original only,none,42,0,0.6699999999999999,0.3492063492063492,0.8048780487804879,0.4870848708487085,0.3295194508009153,0.972972972972973,0.49230769230769234,0.6997084548104956,0.8099188711307705,8,586
Original only,none,42,0,0.6799999999999999,0.34584450402144773,0.7865853658536586,0.48044692737430167,0.33607520564042304,0.9662162162162162,0.4986922406277245,0.7027027027027027,0.8099188711307705,10,565
Original only,none,42,0,0.69,0.34782608695652173,0.7804878048780488,0.48120300751879697,0.3397590361445783,0.9527027027027027,0.5008880994671403,0.7000993048659384,0.8099188711307705,14,548
Original only,none,42,0,0.7,0.349862258953168,0.774390243902439,0.4819734345351044,0.345679012345679,0.9459459459459459,0.5063291139240507,0.7021063189568706,0.8099188711307705,16,530
Original only,none,42,0,0.71,0.35195530726256985,0.7682926829268293,0.4827586206896552,0.35989717223650386,0.9459459459459459,0.521415270018622,0.7135575942915392,0.8099188711307705,16,498
Original only,none,42,0,0.72,0.3536231884057971,0.7439024390243902,0.4793713163064833,0.3592105263157895,0.9222972972972973,0.5170454545454546,0.7021604938271605,0.8099188711307705,23,487
Original only,none,42,0,0.73,0.35693215339233036,0.7378048780487805,0.48111332007952284,0.37193460490463215,0.9222972972972973,0.5300970873786408,0.7116788321167883,0.8099188711307705,23,461
Original only,none,42,0,0.74,0.36666666666666664,0.7378048780487805,0.4898785425101215,0.3799435028248588,0.9087837837837838,0.5358565737051793,0.7108879492600423,0.8099188711307705,27,439
Original only,none,42,0,0.7499999999999999,0.37658227848101267,0.725609756097561,0.49583333333333335,0.38529411764705884,0.8851351351351351,0.5368852459016393,0.7027896995708155,0.8099188711307705,34,418
Original only,none,42,0,0.7599999999999999,0.3848684210526316,0.7134146341463414,0.5,0.4,0.8783783783783784,0.5496828752642706,0.7088331515812432,0.8099188711307705,36,390
Original only,none,42,0,0.7699999999999999,0.39590443686006827,0.7073170731707317,0.5076586433260394,0.4064,0.8581081081081081,0.5515743756786102,0.7020453289110006,0.8099188711307705,42,371
Original only,none,42,0,0.7799999999999999,0.40350877192982454,0.7012195121951219,0.512249443207127,0.4268707482993197,0.847972972972973,0.5678733031674208,0.7082392776523702,0.8099188711307705,45,337
Original only,none,42,0,0.7899999999999999,0.4092526690391459,0.7012195121951219,0.5168539325842697,0.4385026737967914,0.831081081081081,0.574095682613769,0.7048710601719198,0.8099188711307705,50,315
Original only,none,42,0,0.7999999999999999,0.4197080291970803,0.7012195121951219,0.5251141552511416,0.4606741573033708,0.831081081081081,0.5927710843373494,0.7159487776484285,0.8099188711307705,50,288
Original only,none,42,0,0.8099999999999999,0.4216417910447761,0.6890243902439024,0.5231481481481481,0.4693069306930693,0.8006756756756757,0.5917602996254682,0.7015985790408525,0.8099188711307705,59,268
Original only,none,42,0,0.82,0.43359375,0.676829268292683,0.5285714285714286,0.502127659574468,0.7972972972972973,0.6161879895561357,0.713422007255139,0.8099188711307705,60,234
Original only,none,42,0,0.83,0.4721030042918455,0.6707317073170732,0.5541561712846348,0.5331807780320366,0.7871621621621622,0.635743519781719,0.7186921653300432,0.8099188711307705,63,204
Original only,none,42,0,0.84,0.5288461538461539,0.6707317073170732,0.5913978494623656,0.5675,0.7668918918918919,0.6522988505747126,0.7165404040404041,0.8099188711307705,69,173
Original only,none,42,0,0.8499999999999999,0.574468085106383,0.6585365853658537,0.6136363636363636,0.6082191780821918,0.75,0.6717095310136157,0.7165913492575855,0.8099188711307705,74,143
Original only,none,42,0,0.8599999999999999,0.601123595505618,0.6524390243902439,0.6257309941520468,0.6585365853658537,0.7297297297297297,0.6923076923076923,0.7142857142857143,0.8099188711307705,80,112
Original only,none,42,0,0.8699999999999999,0.6481481481481481,0.6402439024390244,0.6441717791411042,0.7080536912751678,0.7128378378378378,0.7104377104377104,0.7118758434547908,0.8099188711307705,85,87
Original only,none,42,0,0.8799999999999999,0.697986577181208,0.6341463414634146,0.6645367412140575,0.7601476014760148,0.6959459459459459,0.7266313932980599,0.7079037800687286,0.8099188711307705,90,65
Original only,none,42,0,0.8899999999999999,0.7372262773722628,0.6158536585365854,0.6710963455149501,0.8189655172413793,0.6418918918918919,0.7196969696969697,0.6709039548022598,0.8099188711307705,106,42
Original only,none,42,0,0.8999999999999999,0.8220338983050848,0.5914634146341463,0.6879432624113475,0.8792270531400966,0.6148648648648649,0.7236580516898609,0.6542056074766355,0.8099188711307705,114,25
Original only,none,42,0,0.9099999999999999,0.9134615384615384,0.5792682926829268,0.7089552238805971,0.9226519337016574,0.5641891891891891,0.70020964360587,0.6117216117216118,0.8099188711307705,129,14
Original only,none,42,0,0.9199999999999999,0.9278350515463918,0.5487804878048781,0.6896551724137931,0.9681528662420382,0.5135135135135135,0.6710816777041942,0.5667412378821775,0.8099188711307705,144,5
Original only,none,42,0,0.9299999999999999,0.9879518072289156,0.5,0.6639676113360324,0.9708029197080292,0.44932432432432434,0.6143187066974596,0.5034065102195306,0.8099188711307705,163,4
Original only,none,42,0,0.94,1.0,0.43902439024390244,0.6101694915254238,0.9814814814814815,0.3581081081081081,0.5247524752475248,0.4102167182662539,0.8099188711307705,190,2
Original only,none,42,0,0.95,1.0,0.3780487804878049,0.5486725663716814,1.0,0.28716216216216217,0.4461942257217848,0.33490937746256894,0.8099188711307705,211,0
Magnitude warping,traditional,42,1000,0.05,0.18700114025085518,1.0,0.3150816522574448,0.12066856909906237,1.0,0.21535103674063297,0.40692878746219413,0.9632867420814195,0,2157
Magnitude warping,traditional,42,1000,0.06,0.1920374707259953,1.0,0.32220039292730845,0.12426532325776658,1.0,0.2210604929051531,0.41503084688726866,0.9632867420814195,0,2086
Magnitude warping,traditional,42,1000,0.07,0.19640718562874251,1.0,0.3283283283283283,0.12622601279317697,1.0,0.22415751609238924,0.4193822612638141,0.9632867420814195,0,2049
Magnitude warping,traditional,42,1000,0.08,0.200734394124847,1.0,0.3343527013251784,0.1288076588337685,1.0,0.228218966846569,0.4250430786904078,0.9632867420814195,0,2002
Magnitude warping,traditional,42,1000,0.09,0.20398009950248755,1.0,0.33884297520661155,0.13285457809694792,1.0,0.23454833597464342,0.43376318874560377,0.9632867420814195,0,1932
Magnitude warping,traditional,42,1000,0.09999999999999999,0.20733249051833122,1.0,0.34345549738219894,0.13509812870835236,1.0,0.2380377965420185,0.43851851851851853,0.9632867420814195,0,1895
Magnitude warping,traditional,42,1000,0.10999999999999999,0.21216041397153945,1.0,0.35005336179295626,0.1371640407784986,1.0,0.24123879380603097,0.4428485936564931,0.9632867420814195,0,1862
Magnitude warping,traditional,42,1000,0.12,0.21578947368421053,1.0,0.354978354978355,0.13942534149788036,1.0,0.24472922695328647,0.44753553069247054,0.9632867420814195,0,1827
Magnitude warping,traditional,42,1000,0.13,0.2210242587601078,1.0,0.3620309050772627,0.14189837008628955,1.0,0.24853064651553317,0.4525993883792049,0.9632867420814195,0,1790
Magnitude warping,traditional,42,1000,0.13999999999999999,0.22312925170068026,1.0,0.36484983314794217,0.14417924987822697,1.0,0.25202213707960835,0.457213469261662,0.9632867420814195,0,1757
Magnitude warping,traditional,42,1000,0.14999999999999997,0.22589531680440772,1.0,0.3685393258426966,0.14660723130262507,1.0,0.2557235421166307,0.4620668123634093,0.9632867420814195,0,1723
Magnitude warping,traditional,42,1000,0.15999999999999998,0.22873082287308227,1.0,0.37230419977298523,0.1486690105474636,1.0,0.2588543944031482,0.46614173228346456,0.9632867420814195,0,1695
Magnitude warping,traditional,42,1000,0.16999999999999998,0.23066104078762306,1.0,0.37485714285714283,0.1500253421186011,1.0,0.2609078889378581,0.46879949318973707,0.9632867420814195,0,1677
Magnitude warping,traditional,42,1000,0.18,0.23295454545454544,1.0,0.3778801843317972,0.15187275525910723,1.0,0.26369710467706015,0.4723906798595595,0.9632867420814195,0,1653
Magnitude warping,traditional,42,1000,0.19,0.23733719247467439,1.0,0.38362573099415204,0.1532884515794925,1.0,0.265828468792097,0.4751203852327448,0.9632867420814195,0,1635
Magnitude warping,traditional,42,1000,0.19999999999999996,0.23941605839416058,1.0,0.38633686690223795,0.15456919060052218,1.0,0.2677521483491633,0.47757341077767024,0.9632867420814195,0,1619
Magnitude warping,traditional,42,1000,0.20999999999999996,0.2436849925705795,1.0,0.3918757467144564,0.1565309360126917,1.0,0.2706904435299497,0.4813008130081301,0.9632867420814195,0,1595
Magnitude warping,traditional,42,1000,0.21999999999999997,0.24773413897280966,1.0,0.39709443099273606,0.15786666666666666,1.0,0.27268539843390144,0.4838182412553122,0.9632867420814195,0,1579
Magnitude warping,traditional,42,1000,0.22999999999999998,0.25386996904024767,1.0,0.4049382716049383,0.15965480043149946,1.0,0.2753488372093023,0.4871626069782752,0.9632867420814195,0,1558
Magnitude warping,traditional,42,1000,0.24,0.2566510172143975,1.0,0.40846824408468246,0.1628162816281628,1.0,0.2800378429517502,0.49300466355762823,0.9632867420814195,0,1522
Magnitude warping,traditional,42,1000,0.24999999999999994,0.26198083067092653,1.0,0.4151898734177215,0.16435313714602998,1.0,0.28230805913209345,0.49581239530988275,0.9632867420814195,0,1505
Magnitude warping,traditional,42,1000,0.25999999999999995,0.26366559485530544,1.0,0.4173027989821883,0.1668545659526494,1.0,0.28599033816425123,0.5003380662609872,0.9632867420814195,0,1478
Magnitude warping,traditional,42,1000,0.26999999999999996,0.2662337662337662,1.0,0.4205128205128205,0.1689497716894977,1.0,0.2890625,0.5040871934604905,0.9632867420814195,0,1456
Magnitude warping,traditional,42,1000,0.27999999999999997,0.26929392446633826,1.0,0.4243208279430789,0.17219313554392088,1.0,0.29379652605459056,0.5098174302445746,0.9632867420814195,0,1423
Magnitude warping,traditional,42,1000,0.29,0.27424749163879597,1.0,0.4304461942257218,0.17442545668827342,1.0,0.2970396387355745,0.5137105171815342,0.9632867420814195,0,1401
Magnitude warping,traditional,42,1000,0.3,0.27843803056027167,1.0,0.4355909694555113,0.17777777777777778,1.0,0.3018867924528302,0.5194805194805194,0.9632867420814195,0,1369
Magnitude warping,traditional,42,1000,0.30999999999999994,0.28130360205831906,1.0,0.4390896921017403,0.18170656844689995,1.0,0.30753246753246755,0.526128688233203,0.9632867420814195,0,1333
Magnitude warping,traditional,42,1000,0.31999999999999995,0.2862129144851658,1.0,0.4450474898236092,0.18569636135508155,1.0,0.31322751322751324,0.5327573794096472,0.9632867420814195,0,1298
Magnitude warping,traditional,42,1000,0.32999999999999996,0.28975265017667845,1.0,0.44931506849315067,0.18937939859245043,1.0,0.31845077998924154,0.5387695668001456,0.9632867420814195,0,1267
Magnitude warping,traditional,42,1000,0.33999999999999997,0.29338103756708406,1.0,0.4536652835408022,0.19270833333333334,1.0,0.3231441048034934,0.5441176470588235,0.9632867420814195,0,1240
Magnitude warping,traditional,42,1000,0.3499999999999999,0.296028880866426,1.0,0.4568245125348189,0.19693945442448438,1.0,0.3290717065036131,0.5508001488649051,0.9632867420814195,0,1207
Magnitude warping,traditional,42,1000,0.35999999999999993,0.2987249544626594,1.0,0.4600280504908836,0.20218579234972678,1.0,0.33636363636363636,0.5589123867069486,0.9632867420814195,0,1168
Magnitude warping,traditional,42,1000,0.36999999999999994,0.30091743119266057,1.0,0.46262341325811,0.20713785864240727,1.0,0.34318840579710147,0.5663987753539992,0.9632867420814195,0,1133
Magnitude warping,traditional,42,1000,0.37999999999999995,0.3048327137546468,1.0,0.4672364672364672,0.2117310443490701,1.0,0.34946871310507677,0.5731990704879938,0.9632867420814195,0,1102
Magnitude warping,traditional,42,1000,0.38999999999999996,0.3082706766917293,1.0,0.47126436781609193,0.21433743664011587,1.0,0.3530113297555158,0.5769980506822612,0.9632867420814195,0,1085
Magnitude warping,traditional,42,1000,0.3999999999999999,0.31297709923664124,1.0,0.47674418604651164,0.21861152141802068,1.0,0.35878787878787877,0.5831363278171788,0.9632867420814195,0,1058
Magnitude warping,traditional,42,1000,0.4099999999999999,0.3153846153846154,1.0,0.47953216374269003,0.2237339380196523,1.0,0.3656578134651019,0.5903470283207021,0.9632867420814195,0,1027
Magnitude warping,traditional,42,1000,0.41999999999999993,0.31721470019342357,1.0,0.48164464023494863,0.2301710730948678,1.0,0.37420986093552466,0.5991902834008097,0.9632867420814195,0,990
Magnitude warping,traditional,42,1000,0.42999999999999994,0.32475247524752476,1.0,0.49028400597907323,0.23604465709728867,1.0,0.38193548387096776,0.6070549630844955,0.9632867420814195,0,958
Magnitude warping,traditional,42,1000,0.43999999999999995,0.328,1.0,0.4939759036144578,0.24242424242424243,1.0,0.3902439024390244,0.6153846153846154,0.9632867420814195,0,925
Magnitude warping,traditional,42,1000,0.4499999999999999,0.3319838056680162,1.0,0.49848024316109424,0.24790619765494137,1.0,0.39731543624161075,0.6223717409587889,0.9632867420814195,0,898
Magnitude warping,traditional,42,1000,0.4599999999999999,0.33814432989690724,1.0,0.5053929121725732,0.252129471890971,1.0,0.40272108843537413,0.6276505513146734,0.9632867420814195,0,878
Magnitude warping,traditional,42,1000,0.4699999999999999,0.34243697478991597,0.9939024390243902,0.509375,0.2591943957968476,1.0,0.41168289290681503,0.6362854686156492,0.9632867420814195,0,846
Magnitude warping,traditional,42,1000,0.4799999999999999,0.3490364025695932,0.9939024390243902,0.5166402535657686,0.26738934056007224,1.0,0.4219529579472559,0.6460061108686164,0.9632867420814195,0,811
Magnitude warping,traditional,42,1000,0.48999999999999994,0.3528138528138528,0.9939024390243902,0.5207667731629393,0.2748375116063138,1.0,0.43117261471230883,0.6545776205218929,0.9632867420814195,0,781
Magnitude warping,traditional,42,1000,0.49999999999999994,0.3614190687361419,0.9939024390243902,0.5300813008130081,0.2808349146110057,1.0,0.43851851851851853,0.6613047363717605,0.9632867420814195,0,758
Magnitude warping,traditional,42,1000,0.5099999999999999,0.3704545454545455,0.9939024390243902,0.5397350993377483,0.288780487804878,1.0,0.4481453444360333,0.6699864191942055,0.9632867420814195,0,729
Magnitude warping,traditional,42,1000,0.5199999999999999,0.37327188940092165,0.9878048780487805,0.5418060200668896,0.2977867203219316,1.0,0.45891472868217054,0.6795224977043158,0.9632867420814195,0,698
Magnitude warping,traditional,42,1000,0.5299999999999999,0.3747072599531616,0.975609756097561,0.5414551607445008,0.30578512396694213,1.0,0.46835443037974683,0.6877323420074349,0.9632867420814195,0,672
Magnitude warping,traditional,42,1000,0.5399999999999999,0.3827751196172249,0.975609756097561,0.5498281786941581,0.3193096008629989,1.0,0.48405560098119377,0.7010895310279488,0.9632867420814195,0,631
Magnitude warping,traditional,42,1000,0.5499999999999999,0.3878048780487805,0.9695121951219512,0.554006968641115,0.33183856502242154,1.0,0.4983164983164983,0.7129094412331407,0.9632867420814195,0,596
Magnitude warping,traditional,42,1000,0.5599999999999999,0.39054726368159204,0.9573170731707317,0.5547703180212014,0.34418604651162793,1.0,0.5121107266435986,0.7240704500978473,0.9632867420814195,0,564
Magnitude warping,traditional,42,1000,0.57,0.3944723618090452,0.9573170731707317,0.5587188612099644,0.35406698564593303,1.0,0.5229681978798587,0.7326732673267327,0.9632867420814195,0,540
Magnitude warping,traditional,42,1000,0.58,0.40463917525773196,0.9573170731707317,0.5688405797101449,0.3645320197044335,1.0,0.5342960288808665,0.7414829659318637,0.9632867420814195,0,516
Magnitude warping,traditional,42,1000,0.59,0.4095744680851064,0.9390243902439024,0.5703703703703704,0.37373737373737376,1.0,0.5441176470588235,0.7489878542510121,0.9632867420814195,0,496
Magnitude warping,traditional,42,1000,0.6,0.41304347826086957,0.926829268292683,0.5714285714285714,0.38794233289646135,1.0,0.559017941454202,0.7601438109912686,0.9632867420814195,0,467
Magnitude warping,traditional,42,1000,0.61,0.4178272980501393,0.9146341463414634,0.5736137667304015,0.4038199181446112,1.0,0.5753158406219631,0.7720396452790819,0.9632867420814195,0,437
Magnitude warping,traditional,42,1000,0.62,0.42485549132947975,0.8963414634146342,0.5764705882352941,0.4222539229671897,1.0,0.5937813440320963,0.7851458885941645,0.9632867420814195,0,405
Magnitude warping,traditional,42,1000,0.63,0.43636363636363634,0.8780487804878049,0.582995951417004,0.43593519882179677,1.0,0.6071794871794872,0.7944176060118089,0.9632867420814195,0,383
Magnitude warping,traditional,42,1000,0.6399999999999999,0.45,0.8780487804878049,0.5950413223140496,0.4505327245053272,1.0,0.621196222455404,0.8039109179793591,0.9632867420814195,0,361
Magnitude warping,traditional,42,1000,0.6499999999999999,0.4642857142857143,0.8719512195121951,0.6059322033898306,0.46984126984126984,1.0,0.6393088552915767,0.8158765159867696,0.9632867420814195,0,334
Magnitude warping,traditional,42,1000,0.6599999999999999,0.47157190635451507,0.8597560975609756,0.6090712742980562,0.4868421052631579,1.0,0.6548672566371682,0.8258928571428571,0.9632867420814195,0,312
Magnitude warping,traditional,42,1000,0.6699999999999999,0.486013986013986,0.8475609756097561,0.6177777777777778,0.5017006802721088,0.9966216216216216,0.667420814479638,0.832392776523702,0.9632867420814195,1,293
Magnitude warping,traditional,42,1000,0.6799999999999999,0.5018181818181818,0.8414634146341463,0.6287015945330297,0.5212765957446809,0.9932432432432432,0.6837209302325581,0.8409610983981693,0.9632867420814195,2,270
Magnitude warping,traditional,42,1000,0.69,0.5133079847908745,0.823170731707317,0.6323185011709602,0.5454545454545454,0.9932432432432432,0.704191616766467,0.853163087637841,0.9632867420814195,2,245
Magnitude warping,traditional,42,1000,0.7,0.5294117647058824,0.823170731707317,0.6443914081145584,0.5779092702169625,0.9898648648648649,0.7297633872976339,0.8663512714370195,0.9632867420814195,3,214
Magnitude warping,traditional,42,1000,0.71,0.5606694560669456,0.8170731707317073,0.6650124069478908,0.6147368421052631,0.9864864864864865,0.7574578469520103,0.8800482218203737,0.9632867420814195,4,183
Magnitude warping,traditional,42,1000,0.72,0.6073059360730594,0.8109756097560976,0.6945169712793734,0.6530612244897959,0.972972972972973,0.7815468113975577,0.8861538461538462,0.9632867420814195,8,153
Magnitude warping,traditional,42,1000,0.73,0.6298076923076923,0.7987804878048781,0.7043010752688172,0.6842105263157895,0.9662162162162162,0.8011204481792717,0.8926342072409488,0.9632867420814195,10,132
Magnitude warping,traditional,42,1000,0.74,0.6564102564102564,0.7804878048780488,0.713091922005571,0.7275064267352185,0.956081081081081,0.8262773722627738,0.8995549904640814,0.9632867420814195,13,106
Magnitude warping,traditional,42,1000,0.7499999999999999,0.6648936170212766,0.7621951219512195,0.7102272727272727,0.7540983606557377,0.9324324324324325,0.8338368580060423,0.8903225806451613,0.9632867420814195,20,90
Magnitude warping,traditional,42,1000,0.7599999999999999,0.702247191011236,0.7621951219512195,0.7309941520467836,0.7884057971014493,0.918918918918919,0.8486739469578783,0.8894702419882276,0.9632867420814195,24,73
Magnitude warping,traditional,42,1000,0.7699999999999999,0.7763975155279503,0.7621951219512195,0.7692307692307693,0.8282208588957055,0.9121621621621622,0.8681672025723473,0.8940397350993378,0.9632867420814195,26,56
Magnitude warping,traditional,42,1000,0.7799999999999999,0.7973856209150327,0.7439024390243902,0.7697160883280757,0.842443729903537,0.8851351351351351,0.8632619439868204,0.8762541806020067,0.9632867420814195,34,49
Magnitude warping,traditional,42,1000,0.7899999999999999,0.8832116788321168,0.7378048780487805,0.8039867109634552,0.8758389261744967,0.8817567567567568,0.8787878787878788,0.8805668016194332,0.9632867420814195,35,37
Magnitude warping,traditional,42,1000,0.7999999999999999,0.9375,0.7317073170731707,0.821917808219178,0.910394265232975,0.8581081081081081,0.8834782608695653,0.8680792891319207,0.9632867420814195,42,25
Magnitude warping,traditional,42,1000,0.8099999999999999,0.9586776859504132,0.7073170731707317,0.8140350877192982,0.9576923076923077,0.8412162162162162,0.89568345323741,0.8621883656509696,0.9632867420814195,47,11
Magnitude warping,traditional,42,1000,0.82,0.9739130434782609,0.6829268292682927,0.8028673835125448,0.9877049180327869,0.8141891891891891,0.8925925925925926,0.8438375350140056,0.9632867420814195,55,3
Magnitude warping,traditional,42,1000,0.83,0.9910714285714286,0.676829268292683,0.8043478260869565,0.9914163090128756,0.7804054054054054,0.8733459357277883,0.8151023288637967,0.9632867420814195,65,2
Magnitude warping,traditional,42,1000,0.84,1.0,0.6707317073170732,0.8029197080291971,1.0,0.7567567567567568,0.8615384615384616,0.7954545454545454,0.9632867420814195,72,0
Magnitude warping,traditional,42,1000,0.8499999999999999,1.0,0.6524390243902439,0.7896678966789668,1.0,0.7128378378378378,0.8323471400394478,0.7562724014336918,0.9632867420814195,85,0
Magnitude warping,traditional,42,1000,0.8599999999999999,1.0,0.6158536585365854,0.7622641509433963,1.0,0.668918918918919,0.8016194331983806,0.7163531114327062,0.9632867420814195,98,0
Magnitude warping,traditional,42,1000,0.8699999999999999,1.0,0.6097560975609756,0.7575757575757576,1.0,0.6182432432432432,0.7640918580375783,0.6693489392831017,0.9632867420814195,113,0
Magnitude warping,traditional,42,1000,0.8799999999999999,1.0,0.5975609756097561,0.7480916030534351,1.0,0.5506756756756757,0.710239651416122,0.6050482553823311,0.9632867420814195,133,0
Magnitude warping,traditional,42,1000,0.8899999999999999,1.0,0.5792682926829268,0.7335907335907336,1.0,0.5135135135135135,0.6785714285714286,0.5688622754491018,0.9632867420814195,144,0
Magnitude warping,traditional,42,1000,0.8999999999999999,1.0,0.5426829268292683,0.7035573122529645,1.0,0.46621621621621623,0.6359447004608295,0.5219364599092284,0.9632867420814195,158,0
Magnitude warping,traditional,42,1000,0.9099999999999999,1.0,0.5060975609756098,0.6720647773279352,1.0,0.42567567567567566,0.5971563981042654,0.48091603053435117,0.9632867420814195,170,0
Magnitude warping,traditional,42,1000,0.9199999999999999,1.0,0.4695121951219512,0.6390041493775933,1.0,0.40202702702702703,0.5734939759036145,0.4566385264773599,0.9632867420814195,177,0
Magnitude warping,traditional,42,1000,0.9299999999999999,1.0,0.40853658536585363,0.5800865800865801,1.0,0.375,0.5454545454545454,0.42857142857142855,0.9632867420814195,185,0
Magnitude warping,traditional,42,1000,0.94,1.0,0.3597560975609756,0.5291479820627802,1.0,0.31756756756756754,0.48205128205128206,0.3677621283255086,0.9632867420814195,202,0
Magnitude warping,traditional,42,1000,0.95,1.0,0.2804878048780488,0.4380952380952381,1.0,0.28040540540540543,0.43799472295514513,0.3275453827940016,0.9632867420814195,213,0
Masking Diffusion,generative,42,1000,0.05,0.16837782340862423,1.0,0.28822495606326887,0.10979228486646884,1.0,0.19786096256684493,0.38144329896907214,0.9491566964336681,0,2400
Masking Diffusion,generative,42,1000,0.06,0.17502668089647813,1.0,0.29791099000908267,0.1126331811263318,1.0,0.2024623803009576,0.3882476390346275,0.9491566964336681,0,2332
Masking Diffusion,generative,42,1000,0.07,0.18041804180418042,1.0,0.30568499534016774,0.11598746081504702,1.0,0.20786516853932585,0.3961456102783726,0.9491566964336681,0,2256
Masking Diffusion,generative,42,1000,0.08,0.18742857142857142,1.0,0.3156881616939365,0.11940298507462686,1.0,0.21333333333333335,0.40404040404040403,0.9491566964336681,0,2183
Masking Diffusion,generative,42,1000,0.09,0.19226260257913247,1.0,0.3225172074729597,0.1221626083367726,1.0,0.21772710555351232,0.41031327973385084,0.9491566964336681,0,2127
Masking Diffusion,generative,42,1000,0.09999999999999999,0.19759036144578312,1.0,0.3299798792756539,0.12515856236786468,1.0,0.2224727546035325,0.4170188785573401,0.9491566964336681,0,2069
Masking Diffusion,generative,42,1000,0.10999999999999999,0.1997563946406821,1.0,0.332994923857868,0.12698412698412698,1.0,0.22535211267605634,0.42105263157894735,0.9491566964336681,0,2035
Masking Diffusion,generative,42,1000,0.12,0.20147420147420148,1.0,0.33537832310838445,0.12813852813852813,1.0,0.227168073676132,0.42358328563251285,0.9491566964336681,0,2014
Masking Diffusion,generative,42,1000,0.13,0.20297029702970298,1.0,0.3374485596707819,0.13022437307523096,1.0,0.23043985986765278,0.4281168643332369,0.9491566964336681,0,1977
Masking Diffusion,generative,42,1000,0.13999999999999999,0.20525657071339173,1.0,0.3406022845275182,0.13208389112003568,1.0,0.23334647221127316,0.4321167883211679,0.9491566964336681,0,1945
Masking Diffusion,generative,42,1000,0.14999999999999997,0.2068095838587642,1.0,0.34273772204806685,0.13363431151241534,1.0,0.2357626443647949,0.4354221829949985,0.9491566964336681,0,1919
Masking Diffusion,generative,42,1000,0.15999999999999998,0.20918367346938777,1.0,0.3459915611814346,0.13534522176497485,1.0,0.23842126459927507,0.4390388608721448,0.9491566964336681,0,1891
Masking Diffusion,generative,42,1000,0.16999999999999998,0.21216041397153945,1.0,0.35005336179295626,0.13665743305632502,1.0,0.2404549147034931,0.4417910447761194,0.9491566964336681,0,1870
Masking Diffusion,generative,42,1000,0.18,0.2152230971128609,1.0,0.3542116630669546,0.13805970149253732,1.0,0.24262295081967214,0.44471153846153844,0.9491566964336681,0,1848
Masking Diffusion,generative,42,1000,0.19,0.21808510638297873,1.0,0.35807860262008734,0.1397544853635505,1.0,0.2452361226180613,0.4482132041187159,0.9491566964336681,0,1822
Masking Diffusion,generative,42,1000,0.19999999999999996,0.2213225371120108,1.0,0.3624309392265193,0.14108674928503337,1.0,0.24728487886382622,0.4509445460085314,0.9491566964336681,0,1802
Masking Diffusion,generative,42,1000,0.20999999999999996,0.22496570644718794,1.0,0.3673012318029115,0.14285714285714285,1.0,0.25,0.45454545454545453,0.9491566964336681,0,1776
Masking Diffusion,generative,42,1000,0.21999999999999997,0.22873082287308227,1.0,0.37230419977298523,0.14502694757471826,1.0,0.25331621737270005,0.45891472868217054,0.9491566964336681,0,1745
Masking Diffusion,generative,42,1000,0.22999999999999998,0.23395149786019973,1.0,0.3791907514450867,0.14704421261798312,1.0,0.256388046773495,0.4629340006255865,0.9491566964336681,0,1717
Masking Diffusion,generative,42,1000,0.24,0.23802612481857766,1.0,0.38452520515826494,0.14859437751004015,1.0,0.25874125874125875,0.4659949622166247,0.9491566964336681,0,1696
Masking Diffusion,generative,42,1000,0.24999999999999994,0.24153166421207659,1.0,0.38908659549228947,0.1514066496163683,1.0,0.26299422478898266,0.4714877349474355,0.9491566964336681,0,1659
Masking Diffusion,generative,42,1000,0.25999999999999995,0.24514200298953662,1.0,0.3937575030012005,0.1534473820632452,1.0,0.2660674157303371,0.47542563443623514,0.9491566964336681,0,1633
Masking Diffusion,generative,42,1000,0.26999999999999996,0.25,1.0,0.4,0.15538057742782152,1.0,0.26896865061335756,0.47911945613467144,0.9491566964336681,0,1609
Masking Diffusion,generative,42,1000,0.27999999999999997,0.2534775888717156,1.0,0.40443896424167697,0.15769845498135324,1.0,0.2724344224574321,0.48350212348905586,0.9491566964336681,0,1581
Masking Diffusion,generative,42,1000,0.29,0.25826771653543307,1.0,0.41051314142678347,0.16025988088792636,1.0,0.2762482501166589,0.488287693830419,0.9491566964336681,0,1551
Masking Diffusion,generative,42,1000,0.3,0.2611464968152866,1.0,0.41414141414141414,0.1628162816281628,1.0,0.2800378429517502,0.49300466355762823,0.9491566964336681,0,1522
Masking Diffusion,generative,42,1000,0.30999999999999994,0.2649434571890145,1.0,0.41890166028097064,0.1649025069637883,1.0,0.28311812529890007,0.4968110104061766,0.9491566964336681,0,1499
Masking Diffusion,generative,42,1000,0.31999999999999995,0.2684124386252046,1.0,0.4232258064516129,0.1684689812179852,1.0,0.28835849975645395,0.5032301938116287,0.9491566964336681,0,1461
Masking Diffusion,generative,42,1000,0.32999999999999996,0.27107438016528923,1.0,0.4265279583875163,0.17159420289855074,1.0,0.2929242949035131,0.5087658989343417,0.9491566964336681,0,1429
Masking Diffusion,generative,42,1000,0.33999999999999997,0.2747068676716918,1.0,0.43101182654402104,0.17473435655253838,1.0,0.2974874371859296,0.5142460041695622,0.9491566964336681,0,1398
Masking Diffusion,generative,42,1000,0.3499999999999999,0.2765598650927487,1.0,0.4332892998678996,0.1784207353827607,1.0,0.3028132992327366,0.5205768554344002,0.9491566964336681,0,1363
Masking Diffusion,generative,42,1000,0.35999999999999993,0.2827586206896552,1.0,0.44086021505376344,0.18237831176833025,1.0,0.3084940072954664,0.5272532953330958,0.9491566964336681,0,1327
Masking Diffusion,generative,42,1000,0.36999999999999994,0.2847222222222222,1.0,0.44324324324324327,0.18651543793320732,1.0,0.3143919277748274,0.534103211836882,0.9491566964336681,0,1291
Masking Diffusion,generative,42,1000,0.37999999999999995,0.2902654867256637,1.0,0.4499314128943759,0.19047619047619047,1.0,0.32,0.5405405405405406,0.9491566964336681,0,1258
Masking Diffusion,generative,42,1000,0.38999999999999996,0.2918149466192171,1.0,0.45179063360881544,0.19384413883431564,1.0,0.3247394404827208,0.5459240132792328,0.9491566964336681,0,1231
Masking Diffusion,generative,42,1000,0.3999999999999999,0.2949640287769784,1.0,0.45555555555555555,0.19865771812080538,1.0,0.3314669652855543,0.5534779356768885,0.9491566964336681,0,1194
Masking Diffusion,generative,42,1000,0.4099999999999999,0.30036630036630035,1.0,0.4619718309859155,0.2037164487267722,1.0,0.33847913093196114,0.5612438376943496,0.9491566964336681,0,1157
Masking Diffusion,generative,42,1000,0.41999999999999993,0.3037037037037037,1.0,0.4659090909090909,0.20889202540578689,1.0,0.3455925277291302,0.5690119184928873,0.9491566964336681,0,1121
Masking Diffusion,generative,42,1000,0.42999999999999994,0.30943396226415093,1.0,0.47262247838616717,0.2132564841498559,1.0,0.3515439429928741,0.5754276827371695,0.9491566964336681,0,1092
Masking Diffusion,generative,42,1000,0.43999999999999995,0.3111954459203036,1.0,0.47467438494934877,0.21653255303584493,1.0,0.35598316295850874,0.5801646413171305,0.9491566964336681,0,1071
Masking Diffusion,generative,42,1000,0.4499999999999999,0.31238095238095237,1.0,0.4760522496371553,0.22139117427075541,1.0,0.3625229638701776,0.5870686235620786,0.9491566964336681,0,1041
Masking Diffusion,generative,42,1000,0.4599999999999999,0.31721470019342357,1.0,0.48164464023494863,0.2268199233716475,1.0,0.3697688944409744,0.5946163117717959,0.9491566964336681,0,1009
Masking Diffusion,generative,42,1000,0.4699999999999999,0.3215686274509804,1.0,0.486646884272997,0.23125,1.0,0.3756345177664975,0.6006493506493507,0.9491566964336681,0,984
Masking Diffusion,generative,42,1000,0.4799999999999999,0.32669322709163345,1.0,0.4924924924924925,0.23604465709728867,1.0,0.38193548387096776,0.6070549630844955,0.9491566964336681,0,958
Masking Diffusion,generative,42,1000,0.48999999999999994,0.33064516129032256,1.0,0.49696969696969695,0.23967611336032388,1.0,0.3866753755715219,0.6118230673832162,0.9491566964336681,0,939
Masking Diffusion,generative,42,1000,0.49999999999999994,0.33537832310838445,1.0,0.5022970903522205,0.24625623960066556,1.0,0.3951935914552737,0.6202849958088852,0.9491566964336681,0,906
Masking Diffusion,generative,42,1000,0.5099999999999999,0.340956340956341,1.0,0.5085271317829457,0.25148683092608326,1.0,0.4019008825526137,0.626853028377806,0.9491566964336681,0,881
Masking Diffusion,generative,42,1000,0.5199999999999999,0.346072186836518,0.9939024390243902,0.5133858267716536,0.2591943957968476,1.0,0.41168289290681503,0.6362854686156492,0.9491566964336681,0,846
Masking Diffusion,generative,42,1000,0.5299999999999999,0.35053763440860214,0.9939024390243902,0.5182829888712241,0.26714801444043323,1.0,0.42165242165242167,0.6457242582897034,0.9491566964336681,0,812
Masking Diffusion,generative,42,1000,0.5399999999999999,0.351409978308026,0.9878048780487805,0.5184,0.27586206896551724,1.0,0.43243243243243246,0.6557377049180327,0.9491566964336681,0,777
Masking Diffusion,generative,42,1000,0.5499999999999999,0.35333333333333333,0.9695121951219512,0.5179153094462541,0.28434197886647455,1.0,0.44278234854151083,0.6651685393258427,0.9491566964336681,0,745
Masking Diffusion,generative,42,1000,0.5599999999999999,0.35665914221218964,0.9634146341463414,0.5205930807248764,0.29133858267716534,1.0,0.45121951219512196,0.6727272727272727,0.9491566964336681,0,720
Masking Diffusion,generative,42,1000,0.57,0.36574074074074076,0.9634146341463414,0.5302013422818792,0.30421377183967113,1.0,0.4665090622537431,0.6861381548446917,0.9491566964336681,0,677
Masking Diffusion,generative,42,1000,0.58,0.36941176470588233,0.9573170731707317,0.533106960950764,0.3138918345705196,1.0,0.4778046811945117,0.6958157028678891,0.9491566964336681,0,647
Masking Diffusion,generative,42,1000,0.59,0.3738095238095238,0.9573170731707317,0.5376712328767124,0.3186221743810549,1.0,0.483265306122449,0.7004259346900142,0.9491566964336681,0,633
Masking Diffusion,generative,42,1000,0.6,0.3819951338199513,0.9573170731707317,0.5460869565217391,0.33221099887766553,1.0,0.4987363100252738,0.7132530120481928,0.9491566964336681,0,595
Masking Diffusion,generative,42,1000,0.61,0.3865336658354115,0.9451219512195121,0.5486725663716814,0.34579439252336447,1.0,0.5138888888888888,0.7254901960784313,0.9491566964336681,0,560
Masking Diffusion,generative,42,1000,0.62,0.38618925831202044,0.9207317073170732,0.5441441441441441,0.3528009535160906,1.0,0.5215859030837005,0.731586752347998,0.9491566964336681,0,543
Masking Diffusion,generative,42,1000,0.63,0.3962765957446808,0.9085365853658537,0.5518518518518518,0.3658838071693449,1.0,0.5357466063348416,0.7425990968389363,0.9491566964336681,0,513
Masking Diffusion,generative,42,1000,0.6399999999999999,0.4037940379403794,0.9085365853658537,0.5590994371482176,0.38242894056847543,1.0,0.5532710280373832,0.7558733401430031,0.9491566964336681,0,478
Masking Diffusion,generative,42,1000,0.6499999999999999,0.40896358543417366,0.8902439024390244,0.5604606525911708,0.3967828418230563,1.0,0.5681381957773513,0.7668393782383419,0.9491566964336681,0,450
Masking Diffusion,generative,42,1000,0.6599999999999999,0.4183381088825215,0.8902439024390244,0.5692007797270955,0.40827586206896554,1.0,0.5798237022526934,0.7752750130958617,0.9491566964336681,0,429
Masking Diffusion,generative,42,1000,0.6699999999999999,0.43582089552238806,0.8902439024390244,0.5851703406813628,0.4222539229671897,1.0,0.5937813440320963,0.7851458885941645,0.9491566964336681,0,405
Masking Diffusion,generative,42,1000,0.6799999999999999,0.4420731707317073,0.8841463414634146,0.5894308943089431,0.4398216939078752,1.0,0.6109391124871001,0.7969843834141088,0.9491566964336681,0,377
Masking Diffusion,generative,42,1000,0.69,0.4528301886792453,0.8780487804878049,0.5975103734439834,0.4525993883792049,1.0,0.6231578947368421,0.8052230685527747,0.9491566964336681,0,358
Masking Diffusion,generative,42,1000,0.7,0.46710526315789475,0.8658536585365854,0.6068376068376068,0.4728434504792332,1.0,0.6420824295010846,0.8176795580110497,0.9491566964336681,0,330
Masking Diffusion,generative,42,1000,0.71,0.4791666666666667,0.8414634146341463,0.6106194690265486,0.49248747913188645,0.9966216216216216,0.659217877094972,0.8272574312955693,0.9491566964336681,1,304
Masking Diffusion,generative,42,1000,0.72,0.4840989399293286,0.8353658536585366,0.6129753914988815,0.5051546391752577,0.9932432432432432,0.6697038724373576,0.8323895809739524,0.9491566964336681,2,288
Masking Diffusion,generative,42,1000,0.73,0.4891304347826087,0.823170731707317,0.6136363636363636,0.5195035460992907,0.9898648648648649,0.6813953488372093,0.8381006864988558,0.9491566964336681,3,271
Masking Diffusion,generative,42,1000,0.74,0.5018587360594795,0.823170731707317,0.6235565819861432,0.5386029411764706,0.9898648648648649,0.6976190476190476,0.8478009259259259,0.9491566964336681,3,251
Masking Diffusion,generative,42,1000,0.7499999999999999,0.5298804780876494,0.8109756097560976,0.6409638554216868,0.5581395348837209,0.972972972972973,0.7093596059113301,0.8470588235294118,0.9491566964336681,8,228
Masking Diffusion,generative,42,1000,0.7599999999999999,0.5635593220338984,0.8109756097560976,0.665,0.5780933062880325,0.9628378378378378,0.7224334600760456,0.8497316636851521,0.9491566964336681,11,208
Masking Diffusion,generative,42,1000,0.7699999999999999,0.5972850678733032,0.8048780487804879,0.6857142857142857,0.5995762711864406,0.956081081081081,0.7369791666666666,0.8544685990338164,0.9491566964336681,13,189
Masking Diffusion,generative,42,1000,0.7799999999999999,0.6280193236714976,0.7926829268292683,0.7008086253369272,0.6415525114155252,0.9493243243243243,0.7656675749318801,0.8662145499383477,0.9491566964336681,15,157
Masking Diffusion,generative,42,1000,0.7899999999999999,0.679144385026738,0.774390243902439,0.7236467236467237,0.7,0.9222972972972973,0.7959183673469388,0.8672172808132147,0.9491566964336681,23,117
Masking Diffusion,generative,42,1000,0.7999999999999999,0.7393939393939394,0.7439024390243902,0.7416413373860182,0.7528089887640449,0.9054054054054054,0.8220858895705522,0.8701298701298701,0.9491566964336681,28,88
Masking Diffusion,generative,42,1000,0.8099999999999999,0.8026315789473685,0.7439024390243902,0.7721518987341772,0.7794117647058824,0.8952702702702703,0.8333333333333334,0.8694225721784777,0.9491566964336681,31,75
Masking Diffusion,generative,42,1000,0.82,0.8391608391608392,0.7317073170731707,0.7817589576547231,0.8291139240506329,0.8851351351351351,0.8562091503267973,0.8733333333333333,0.9491566964336681,34,54
Masking Diffusion,generative,42,1000,0.83,0.8666666666666667,0.7134146341463414,0.782608695652174,0.865979381443299,0.8513513513513513,0.858603066439523,0.8542372881355932,0.9491566964336681,44,39
Masking Diffusion,generative,42,1000,0.84,0.9,0.7134146341463414,0.7959183673469388,0.9138576779026217,0.8243243243243243,0.866785079928952,0.8407994486560992,0.9491566964336681,52,23
Masking Diffusion,generative,42,1000,0.8499999999999999,0.9590163934426229,0.7134146341463414,0.8181818181818182,0.953125,0.8243243243243243,0.8840579710144928,0.8472222222222222,0.9491566964336681,52,12
Masking Diffusion,generative,42,1000,0.8599999999999999,0.9576271186440678,0.6890243902439024,0.8014184397163121,0.9629629629629629,0.7905405405405406,0.8682745825602969,0.8199018920812894,0.9491566964336681,62,9
Masking Diffusion,generative,42,1000,0.8699999999999999,0.9908256880733946,0.6585365853658537,0.7912087912087912,0.9734513274336283,0.7432432432432432,0.842911877394636,0.7801418439716312,0.9491566964336681,76,6
Masking Diffusion,generative,42,1000,0.8799999999999999,0.9904761904761905,0.6341463414634146,0.7732342007434945,1.0,0.6824324324324325,0.8112449799196787,0.7287157287157288,0.9491566964336681,94,0
Masking Diffusion,generative,42,1000,0.8899999999999999,1.0,0.6158536585365854,0.7622641509433963,1.0,0.6486486486486487,0.7868852459016393,0.6976744186046512,0.9491566964336681,104,0
Masking Diffusion,generative,42,1000,0.8999999999999999,1.0,0.5792682926829268,0.7335907335907336,1.0,0.5912162162162162,0.7430997876857749,0.6438557763061075,0.9491566964336681,121,0
Masking Diffusion,generative,42,1000,0.9099999999999999,1.0,0.5670731707317073,0.7237354085603113,1.0,0.5101351351351351,0.6756152125279642,0.5655430711610487,0.9491566964336681,145,0
Masking Diffusion,generative,42,1000,0.9199999999999999,1.0,0.5609756097560976,0.71875,1.0,0.4864864864864865,0.6545454545454545,0.5421686746987951,0.9491566964336681,152,0
Masking Diffusion,generative,42,1000,0.9299999999999999,1.0,0.5426829268292683,0.7035573122529645,1.0,0.46621621621621623,0.6359447004608295,0.5219364599092284,0.9491566964336681,158,0
Masking Diffusion,generative,42,1000,0.94,1.0,0.4817073170731707,0.6502057613168725,1.0,0.42567567567567566,0.5971563981042654,0.48091603053435117,0.9491566964336681,170,0
Masking Diffusion,generative,42,1000,0.95,1.0,0.40853658536585363,0.5800865800865801,1.0,0.3581081081081081,0.527363184079602,0.4108527131782946,0.9491566964336681,190,0
Filtered@750 Masking Diffusion,generative_filtered,42,750,0.05,0.17354497354497356,1.0,0.2957619477006312,0.11362763915547025,1.0,0.2040675629093416,0.39060438110319345,0.943794396523099,0,2309
Filtered@750 Masking Diffusion,generative_filtered,42,750,0.06,0.18222222222222223,1.0,0.3082706766917293,0.11746031746031746,1.0,0.21022727272727273,0.39956803455723544,0.943794396523099,0,2224
Filtered@750 Masking Diffusion,generative_filtered,42,750,0.07,0.18850574712643678,1.0,0.31721470019342357,0.12061939690301549,1.0,0.21527272727272728,0.4068169323804288,0.943794396523099,0,2158
Filtered@750 Masking Diffusion,generative_filtered,42,750,0.08,0.19339622641509435,1.0,0.3241106719367589,0.12312811980033278,1.0,0.21925925925925926,0.4124860646599777,0.943794396523099,0,2108
Filtered@750 Masking Diffusion,generative_filtered,42,750,0.09,0.1959378733572282,1.0,0.3276723276723277,0.12521150592216582,1.0,0.22255639097744362,0.41713641488162345,0.943794396523099,0,2068
Filtered@750 Masking Diffusion,generative_filtered,42,750,0.09999999999999999,0.19854721549636803,1.0,0.33131313131313134,0.12654980761008977,1.0,0.22466793168880456,0.4200965086573943,0.943794396523099,0,2043
Filtered@750 Masking Diffusion,generative_filtered,42,750,0.10999999999999999,0.1997563946406821,1.0,0.332994923857868,0.12758620689655173,1.0,0.22629969418960244,0.4223744292237443,0.943794396523099,0,2024
Filtered@750 Masking Diffusion,generative_filtered,42,750,0.12,0.2017220172201722,1.0,0.33572159672466734,0.1289198606271777,1.0,0.22839506172839505,0.42528735632183906,0.943794396523099,0,2000
Filtered@750 Masking Diffusion,generative_filtered,42,750,0.13,0.20474406991260924,1.0,0.3398963730569948,0.12999560825647782,1.0,0.2300816167897396,0.42762207454492923,0.943794396523099,0,1981
Filtered@750 Masking Diffusion,generative_filtered,42,750,0.13999999999999999,0.20785804816223066,1.0,0.3441762854144806,0.13178984861976847,1.0,0.23288749016522423,0.4314868804664723,0.943794396523099,0,1950
Filtered@750 Masking Diffusion,generative_filtered,42,750,0.14999999999999997,0.20998719590268886,1.0,0.3470899470899471,0.13285457809694792,1.0,0.23454833597464342,0.43376318874560377,0.943794396523099,0,1932
Filtered@750 Masking Diffusion,generative_filtered,42,750,0.15999999999999998,0.2127107652399481,1.0,0.3508021390374332,0.13448432530667878,1.0,0.23708450140168202,0.43722304283604135,0.943794396523099,0,1905
Filtered@750 Masking Diffusion,generative_filtered,42,750,0.16999999999999998,0.21437908496732025,1.0,0.35306781485468247,0.13634269921695072,1.0,0.23996757194973653,0.44113263785394935,0.943794396523099,0,1875
Filtered@750 Masking Diffusion,generative_filtered,42,750,0.18,0.21635883905013192,1.0,0.3557483731019523,0.137995337995338,1.0,0.24252355591970504,0.4445779513367378,0.943794396523099,0,1849
Filtered@750 Masking Diffusion,generative_filtered,42,750,0.19,0.2192513368983957,1.0,0.35964912280701755,0.13982050070854984,1.0,0.2453377538334024,0.44834898515601335,0.943794396523099,0,1821
Filtered@750 Masking Diffusion,generative_filtered,42,750,0.19999999999999996,0.2222222222222222,1.0,0.36363636363636365,0.14101953311100524,1.0,0.24718162839248434,0.4508071885470606,0.943794396523099,0,1803
Filtered@750 Masking Diffusion,generative_filtered,42,750,0.20999999999999996,0.22373806275579808,1.0,0.3656633221850613,0.14183037853378055,1.0,0.24842635333613092,0.4524610210944665,0.943794396523099,0,1791
Filtered@750 Masking Diffusion,generative_filtered,42,750,0.21999999999999997,0.2274618585298197,1.0,0.3706214689265537,0.14361960213488598,1.0,0.2511667373780229,0.4560862865947612,0.943794396523099,0,1765
Filtered@750 Masking Diffusion,generative_filtered,42,750,0.22999999999999998,0.2300140252454418,1.0,0.37400228050171036,0.14588467225234106,1.0,0.2546236559139785,0.4606286959228136,0.943794396523099,0,1733
Filtered@750 Masking Diffusion,generative_filtered,42,750,0.24,0.2336182336182336,1.0,0.3787528868360277,0.148,1.0,0.2578397212543554,0.4648241206030151,0.943794396523099,0,1704
Filtered@750 Masking Diffusion,generative_filtered,42,750,0.24999999999999994,0.23699421965317918,1.0,0.38317757009345793,0.149873417721519,1.0,0.26067811536767943,0.46850269072491296,0.943794396523099,0,1679
Filtered@750 Masking Diffusion,generative_filtered,42,750,0.25999999999999995,0.24011713030746706,1.0,0.3872491145218418,0.1522633744855967,1.0,0.2642857142857143,0.4731457800511509,0.943794396523099,0,1648
Filtered@750 Masking Diffusion,generative_filtered,42,750,0.26999999999999996,0.24514200298953662,1.0,0.3937575030012005,0.15538057742782152,1.0,0.26896865061335756,0.47911945613467144,0.943794396523099,0,1609
Filtered@750 Masking Diffusion,generative_filtered,42,750,0.27999999999999997,0.2481089258698941,1.0,0.3975757575757576,0.15786666666666666,1.0,0.27268539843390144,0.4838182412553122,0.943794396523099,0,1579
Filtered@750 Masking Diffusion,generative_filtered,42,750,0.29,0.25386996904024767,1.0,0.4049382716049383,0.15991356023770933,1.0,0.27573358174196555,0.4876441515650741,0.943794396523099,0,1555
Filtered@750 Masking Diffusion,generative_filtered,42,750,0.3,0.25908372827804105,1.0,0.411543287327478,0.1623697202413604,1.0,0.2793770646531383,0.492184901895577,0.943794396523099,0,1527
Filtered@750 Masking Diffusion,generative_filtered,42,750,0.30999999999999994,0.26366559485530544,1.0,0.4173027989821883,0.1652707984366276,1.0,0.2836607570675611,0.49747899159663866,0.943794396523099,0,1495
Filtered@750 Masking Diffusion,generative_filtered,42,750,0.31999999999999995,0.2684124386252046,1.0,0.4232258064516129,0.16780045351473924,1.0,0.287378640776699,0.5020352781546812,0.943794396523099,0,1468
Filtered@750 Masking Diffusion,generative_filtered,42,750,0.32999999999999996,0.27287853577371046,1.0,0.4287581699346405,0.1712962962962963,1.0,0.2924901185770751,0.5082417582417582,0.943794396523099,0,1432
Filtered@750 Masking Diffusion,generative_filtered,42,750,0.33999999999999997,0.2760942760942761,1.0,0.43271767810026385,0.17442545668827342,1.0,0.2970396387355745,0.5137105171815342,0.943794396523099,0,1401
Filtered@750 Masking Diffusion,generative_filtered,42,750,0.3499999999999999,0.2808219178082192,1.0,0.4385026737967914,0.17767106842737096,1.0,0.30173292558613657,0.519298245614035,0.943794396523099,0,1370
Filtered@750 Masking Diffusion,generative_filtered,42,750,0.35999999999999993,0.2827586206896552,1.0,0.44086021505376344,0.18081857055589493,1.0,0.30625969994826696,0.5246366536689118,0.943794396523099,0,1341
Filtered@750 Masking Diffusion,generative_filtered,42,750,0.36999999999999994,0.287215411558669,1.0,0.44625850340136053,0.18534752661239826,1.0,0.3127311146328579,0.5321826681049981,0.943794396523099,0,1301
Filtered@750 Masking Diffusion,generative_filtered,42,750,0.37999999999999995,0.2902654867256637,1.0,0.4499314128943759,0.1884150222788033,1.0,0.31708623460096413,0.5372050816696915,0.943794396523099,0,1275
Filtered@750 Masking Diffusion,generative_filtered,42,750,0.38999999999999996,0.29338103756708406,1.0,0.4536652835408022,0.19258295380611581,1.0,0.32296781232951444,0.543917677324513,0.943794396523099,0,1241
Filtered@750 Masking Diffusion,generative_filtered,42,750,0.3999999999999999,0.30036630036630035,1.0,0.4619718309859155,0.1970705725699068,1.0,0.3292547274749722,0.5510052122114668,0.943794396523099,0,1206
Filtered@750 Masking Diffusion,generative_filtered,42,750,0.4099999999999999,0.30129390018484287,0.9939024390243902,0.4624113475177305,0.2019099590723056,1.0,0.33598183881952326,0.5584905660377358,0.943794396523099,0,1170
Filtered@750 Masking Diffusion,generative_filtered,42,750,0.41999999999999993,0.3041044776119403,0.9939024390243902,0.4657142857142857,0.20598469032707029,1.0,0.34160415464512406,0.5646699732926364,0.943794396523099,0,1141
Filtered@750 Masking Diffusion,generative_filtered,42,750,0.42999999999999994,0.30639097744360905,0.9939024390243902,0.46839080459770116,0.20771929824561403,1.0,0.34398605461940734,0.5672671521655807,0.943794396523099,0,1129
Filtered@750 Masking Diffusion,generative_filtered,42,750,0.43999999999999995,0.3087121212121212,0.9939024390243902,0.47109826589595377,0.21233859397417504,1.0,0.3502958579881657,0.574088440651668,0.943794396523099,0,1098
Filtered@750 Masking Diffusion,generative_filtered,42,750,0.4499999999999999,0.31226053639846746,0.9939024390243902,0.4752186588921283,0.21542940320232898,1.0,0.35449101796407184,0.5785770132916341,0.943794396523099,0,1078
Filtered@750 Masking Diffusion,generative_filtered,42,750,0.4599999999999999,0.313953488372093,0.9878048780487805,0.4764705882352941,0.2199108469539376,1.0,0.36053593179049936,0.5849802371541502,0.943794396523099,0,1050
Filtered@750 Masking Diffusion,generative_filtered,42,750,0.4699999999999999,0.31702544031311153,0.9878048780487805,0.48,0.22356495468277945,1.0,0.3654320987654321,0.5901116427432217,0.943794396523099,0,1028
Filtered@750 Masking Diffusion,generative_filtered,42,750,0.4799999999999999,0.31952662721893493,0.9878048780487805,0.4828614008941878,0.22963537626066718,1.0,0.37350157728706623,0.5984634047715326,0.943794396523099,0,993
Filtered@750 Masking Diffusion,generative_filtered,42,750,0.48999999999999994,0.32270916334661354,0.9878048780487805,0.4864864864864865,0.23307086614173228,1.0,0.3780332056194125,0.6030969845150774,0.943794396523099,0,974
Filtered@750 Masking Diffusion,generative_filtered,42,750,0.49999999999999994,0.32661290322580644,0.9878048780487805,0.4909090909090909,0.23870967741935484,1.0,0.3854166666666667,0.6105610561056105,0.943794396523099,0,944
Filtered@750 Masking Diffusion,generative_filtered,42,750,0.5099999999999999,0.3312883435582822,0.9878048780487805,0.49617151607963245,0.24749163879598662,1.0,0.3967828418230563,0.6218487394957983,0.943794396523099,0,900
Filtered@750 Masking Diffusion,generative_filtered,42,750,0.5199999999999999,0.3367983367983368,0.9878048780487805,0.5023255813953489,0.25407725321888414,1.0,0.405201916495551,0.6300553426990209,0.943794396523099,0,869
Filtered@750 Masking Diffusion,generative_filtered,42,750,0.5299999999999999,0.339662447257384,0.9817073170731707,0.5047021943573667,0.26033421284080915,1.0,0.41311933007676205,0.6376561826798793,0.943794396523099,0,841
Filtered@750 Masking Diffusion,generative_filtered,42,750,0.5399999999999999,0.34334763948497854,0.975609756097561,0.5079365079365079,0.26738934056007224,1.0,0.4219529579472559,0.6460061108686164,0.943794396523099,0,811
Filtered@750 Masking Diffusion,generative_filtered,42,750,0.5499999999999999,0.3464052287581699,0.9695121951219512,0.5104333868378812,0.27637721755368816,1.0,0.43306510607168985,0.656319290465632,0.943794396523099,0,775
Filtered@750 Masking Diffusion,generative_filtered,42,750,0.5599999999999999,0.3509933774834437,0.9695121951219512,0.5153970826580226,0.2835249042145594,1.0,0.4417910447761194,0.6642728904847397,0.943794396523099,0,748
Filtered@750 Masking Diffusion,generative_filtered,42,750,0.57,0.35585585585585583,0.9634146341463414,0.5197368421052632,0.2904808635917566,1.0,0.45019011406844106,0.6718111665910123,0.943794396523099,0,723
Filtered@750 Masking Diffusion,generative_filtered,42,750,0.58,0.3617511520737327,0.9573170731707317,0.5250836120401338,0.298989898989899,1.0,0.4603421461897356,0.6807727690892365,0.943794396523099,0,694
Filtered@750 Masking Diffusion,generative_filtered,42,750,0.59,0.36470588235294116,0.9451219512195121,0.5263157894736842,0.30610134436401243,1.0,0.46872525732383213,0.6880520688052069,0.943794396523099,0,671
Filtered@750 Masking Diffusion,generative_filtered,42,750,0.6,0.3684210526315789,0.9390243902439024,0.5292096219931272,0.31556503198294245,1.0,0.47974068071312803,0.6974552309142319,0.943794396523099,0,642
Filtered@750 Masking Diffusion,generative_filtered,42,750,0.61,0.36739659367396593,0.9207317073170732,0.5252173913043479,0.32456140350877194,1.0,0.4900662251655629,0.7061068702290076,0.943794396523099,0,616
Filtered@750 Masking Diffusion,generative_filtered,42,750,0.62,0.37593984962406013,0.9146341463414634,0.5328596802841918,0.3356009070294785,1.0,0.5025466893039049,0.7163601161665053,0.943794396523099,0,586
Filtered@750 Masking Diffusion,generative_filtered,42,750,0.63,0.3798449612403101,0.8963414634146342,0.5335753176043557,0.3445867287543655,1.0,0.5125541125541125,0.7244248653940284,0.943794396523099,0,563
Filtered@750 Masking Diffusion,generative_filtered,42,750,0.6399999999999999,0.38461538461538464,0.8841463414634146,0.5360443622920518,0.3532219570405728,1.0,0.5220458553791887,0.731948565776459,0.943794396523099,0,542
Filtered@750 Masking Diffusion,generative_filtered,42,750,0.6499999999999999,0.39452054794520547,0.8780487804878049,0.5444234404536862,0.36319018404907977,1.0,0.5328532853285328,0.7403701850925463,0.943794396523099,0,519
Filtered@750 Masking Diffusion,generative_filtered,42,750,0.6599999999999999,0.403954802259887,0.8719512195121951,0.5521235521235521,0.37326607818411095,1.0,0.5436179981634527,0.7486090035407182,0.943794396523099,0,497
Filtered@750 Masking Diffusion,generative_filtered,42,750,0.6699999999999999,0.4115942028985507,0.8658536585365854,0.5579567779960707,0.38896189224704336,1.0,0.5600756859035004,0.7609254498714653,0.943794396523099,0,465
Filtered@750 Masking Diffusion,generative_filtered,42,750,0.6799999999999999,0.4208955223880597,0.8597560975609756,0.5651302605210421,0.4099722991689751,1.0,0.581532416502947,0.776495278069255,0.943794396523099,0,426
Filtered@750 Masking Diffusion,generative_filtered,42,750,0.69,0.4307692307692308,0.8536585365853658,0.5725971370143149,0.4296081277213353,1.0,0.601015228426396,0.7901761879337961,0.943794396523099,0,393
Filtered@750 Masking Diffusion,generative_filtered,42,750,0.7,0.439873417721519,0.8475609756097561,0.5791666666666667,0.44511278195488724,1.0,0.6160249739854319,0.8004326663061114,0.943794396523099,0,369
Filtered@750 Masking Diffusion,generative_filtered,42,750,0.71,0.45182724252491696,0.8292682926829268,0.5849462365591398,0.46105919003115264,1.0,0.6311300639658849,0.8105147864184009,0.943794396523099,0,346
Filtered@750 Masking Diffusion,generative_filtered,42,750,0.72,0.45918367346938777,0.823170731707317,0.5895196506550219,0.47572815533980584,0.9932432432432432,0.6433260393873085,0.8157602663706992,0.943794396523099,2,324
Filtered@750 Masking Diffusion,generative_filtered,42,750,0.73,0.47038327526132406,0.823170731707317,0.5986696230598669,0.4907563025210084,0.9864864864864865,0.6554433221099888,0.8206857785272625,0.943794396523099,4,303
Filtered@750 Masking Diffusion,generative_filtered,42,750,0.74,0.48201438848920863,0.8170731707317073,0.6063348416289592,0.5087412587412588,0.9831081081081081,0.6705069124423964,0.8285876993166287,0.943794396523099,5,281
Filtered@750 Masking Diffusion,generative_filtered,42,750,0.7499999999999999,0.5037878787878788,0.8109756097560976,0.6214953271028038,0.5272727272727272,0.9797297297297297,0.6855791962174941,0.8362168396770473,0.943794396523099,6,260
Filtered@750 Masking Diffusion,generative_filtered,42,750,0.7599999999999999,0.5175097276264592,0.8109756097560976,0.6318289786223278,0.5555555555555556,0.9797297297297297,0.7090464547677262,0.8499413833528722,0.943794396523099,6,232
Filtered@750 Masking Diffusion,generative_filtered,42,750,0.7699999999999999,0.5555555555555556,0.7926829268292683,0.6532663316582915,0.5804480651731161,0.9628378378378378,0.7242693773824651,0.8507462686567164,0.943794396523099,11,206
Filtered@750 Masking Diffusion,generative_filtered,42,750,0.7799999999999999,0.5833333333333334,0.7682926829268293,0.6631578947368421,0.6153846153846154,0.9459459459459459,0.7456724367509987,0.8541793776693105,0.943794396523099,16,175
Filtered@750 Masking Diffusion,generative_filtered,42,750,0.7899999999999999,0.6262626262626263,0.7560975609756098,0.6850828729281768,0.6388888888888888,0.9324324324324325,0.7582417582417582,0.8539603960396039,0.943794396523099,20,156
Filtered@750 Masking Diffusion,generative_filtered,42,750,0.7999999999999999,0.6630434782608695,0.7439024390243902,0.7011494252873564,0.6938775510204082,0.918918918918919,0.7906976744186046,0.8629441624365483,0.943794396523099,24,120
Filtered@750 Masking Diffusion,generative_filtered,42,750,0.8099999999999999,0.718562874251497,0.7317073170731707,0.7250755287009063,0.75,0.902027027027027,0.8190184049079755,0.8668831168831169,0.943794396523099,29,89
Filtered@750 Masking Diffusion,generative_filtered,42,750,0.82,0.7919463087248322,0.7195121951219512,0.7539936102236422,0.7878787878787878,0.8783783783783784,0.8306709265175719,0.8586525759577279,0.943794396523099,36,70
Filtered@750 Masking Diffusion,generative_filtered,42,750,0.83,0.8297872340425532,0.7134146341463414,0.7672131147540984,0.8518518518518519,0.8547297297297297,0.8532883642495784,0.8541525995948683,0.943794396523099,43,44
Filtered@750 Masking Diffusion,generative_filtered,42,750,0.84,0.9212598425196851,0.7134146341463414,0.8041237113402062,0.9044117647058824,0.831081081081081,0.8661971830985915,0.8447802197802198,0.943794396523099,50,26
Filtered@750 Masking Diffusion,generative_filtered,42,750,0.8499999999999999,0.9262295081967213,0.6890243902439024,0.7902097902097902,0.952,0.8040540540540541,0.8717948717948718,0.8298465829846583,0.943794396523099,58,12
Filtered@750 Masking Diffusion,generative_filtered,42,750,0.8599999999999999,0.9491525423728814,0.6829268292682927,0.7943262411347518,0.9783549783549783,0.7635135135135135,0.857685009487666,0.7985865724381626,0.943794396523099,70,5
Filtered@750 Masking Diffusion,generative_filtered,42,750,0.8699999999999999,0.9819819819819819,0.6646341463414634,0.7927272727272727,0.985781990521327,0.7027027027027027,0.8205128205128205,0.7455197132616488,0.943794396523099,88,3
Filtered@750 Masking Diffusion,generative_filtered,42,750,0.8799999999999999,0.9901960784313726,0.6158536585365854,0.7593984962406015,0.9948979591836735,0.6587837837837838,0.7926829268292683,0.7065217391304348,0.943794396523099,101,1
Filtered@750 Masking Diffusion,generative_filtered,42,750,0.8899999999999999,0.9897959183673469,0.5914634146341463,0.7404580152671756,1.0,0.6148648648648649,0.7615062761506276,0.6661786237188873,0.943794396523099,114,0
Filtered@750 Masking Diffusion,generative_filtered,42,750,0.8999999999999999,1.0,0.5792682926829268,0.7335907335907336,1.0,0.5709459459459459,0.7268817204301076,0.6245380635624538,0.943794396523099,127,0
Filtered@750 Masking Diffusion,generative_filtered,42,750,0.9099999999999999,1.0,0.5548780487804879,0.7137254901960784,1.0,0.5202702702702703,0.6844444444444444,0.5754857997010463,0.943794396523099,142,0
Filtered@750 Masking Diffusion,generative_filtered,42,750,0.9199999999999999,1.0,0.5365853658536586,0.6984126984126984,1.0,0.4864864864864865,0.6545454545454545,0.5421686746987951,0.943794396523099,152,0
Filtered@750 Masking Diffusion,generative_filtered,42,750,0.9299999999999999,1.0,0.524390243902439,0.688,1.0,0.44256756756756754,0.6135831381733021,0.49809885931558934,0.943794396523099,165,0
Filtered@750 Masking Diffusion,generative_filtered,42,750,0.94,1.0,0.49390243902439024,0.6612244897959184,1.0,0.40878378378378377,0.580335731414868,0.46360153256704983,0.943794396523099,175,0
Filtered@750 Masking Diffusion,generative_filtered,42,750,0.95,1.0,0.4329268292682927,0.6042553191489362,1.0,0.36824324324324326,0.5382716049382716,0.4215003866976025,0.943794396523099,187,0
