method,augmentation_family,seed,normal_train_used,real_anomaly_seed_used,generated_anomaly_used,total_anomaly_train_used,normal_to_anomaly_ratio,threshold,validation_precision,validation_recall,validation_f1,precision,recall,f1,f2,auroc,auprc,pred_anomaly,false_negative,false_positive,anomaly_seed_count
Original only,none,200,5000,25,0,25,200.0,0.3,0.4666666666666667,0.5548780487804879,0.5069637883008357,0.3238512035010941,0.5,0.3930942895086321,0.4509445460085314,0.767879931098064,0.30191967529952835,457,148,309,25
Magnitude warping,traditional,200,5000,25,1000,1025,4.878048780487805,0.4499999999999999,0.9885057471264368,0.524390243902439,0.6852589641434262,0.9787234042553191,0.46621621621621623,0.631578947368421,0.5207547169811321,0.9119862681352807,0.6692028808328404,141,158,3,25
Filtered@750 Masking Diffusion,generative_filtered,200,5000,25,750,775,6.451612903225806,0.61,0.865979381443299,0.5121951219512195,0.6436781609195402,0.6666666666666666,0.4594594594594595,0.544,0.4899135446685879,0.8843090397399195,0.602643492359295,204,160,68,25
Original only,none,201,5000,25,0,25,200.0,0.25999999999999995,0.384297520661157,0.5670731707317073,0.458128078817734,0.26498422712933756,0.5675675675675675,0.36129032258064514,0.46204620462046203,0.7851314959483722,0.33909355028314486,634,128,466,25
Magnitude warping,traditional,201,5000,25,1000,1025,4.878048780487805,0.4699999999999999,1.0,0.5121951219512195,0.6774193548387096,0.9795918367346939,0.4864864864864865,0.6501128668171557,0.540946656649136,0.9049104760056286,0.6852562640764912,147,152,3,25
Filtered@750 Masking Diffusion,generative_filtered,201,5000,25,750,775,6.451612903225806,0.57,0.7636363636363637,0.5121951219512195,0.6131386861313869,0.6435185185185185,0.46959459459459457,0.54296875,0.49642857142857144,0.8792141782716288,0.6162570795274273,216,157,77,25
Original only,none,202,5000,25,0,25,200.0,0.33999999999999997,0.5197368421052632,0.4817073170731707,0.5,0.3935860058309038,0.4560810810810811,0.4225352112676056,0.44204322200392926,0.7770919258576351,0.3215759152313878,343,161,208,25
Magnitude warping,traditional,202,5000,25,1000,1025,4.878048780487805,0.4499999999999999,0.9545454545454546,0.5121951219512195,0.6666666666666666,0.8092485549132948,0.47297297297297297,0.5970149253731343,0.5158437730287398,0.9148685040516279,0.6657234058659209,173,156,33,25
Filtered@750 Masking Diffusion,generative_filtered,202,5000,25,750,775,6.451612903225806,0.6499999999999999,0.8426966292134831,0.4573170731707317,0.5928853754940712,0.6829268292682927,0.3783783783783784,0.48695652173913045,0.41543026706231456,0.8664539764180696,0.5898987409099856,164,184,52,25
Original only,none,203,5000,25,0,25,200.0,0.21999999999999997,0.3759124087591241,0.6280487804878049,0.4703196347031963,0.24585635359116023,0.6013513513513513,0.34901960784313724,0.46645702306079667,0.771534281139308,0.29532086358928716,724,118,546,25
Magnitude warping,traditional,203,5000,25,1000,1025,4.878048780487805,0.38999999999999996,0.8425925925925926,0.5548780487804879,0.6691176470588235,0.7465437788018433,0.5472972972972973,0.631578947368421,0.5781584582441114,0.8986935319520597,0.6699991971005786,217,134,55,25
Filtered@750 Masking Diffusion,generative_filtered,203,5000,25,750,775,6.451612903225806,0.6,0.8494623655913979,0.4817073170731707,0.6147859922178989,0.6785714285714286,0.44932432432432434,0.540650406504065,0.48188405797101447,0.8770391576495705,0.6017055603215349,196,163,63,25
Original only,none,204,5000,25,0,25,200.0,0.10999999999999999,0.3737024221453287,0.6585365853658537,0.4768211920529801,0.25067385444743934,0.6283783783783784,0.3583815028901734,0.48286604361370716,0.7925936484060362,0.323501232135458,742,110,556,25
Magnitude warping,traditional,204,5000,25,1000,1025,4.878048780487805,0.3499999999999999,0.8064516129032258,0.6097560975609756,0.6944444444444444,0.7086956521739131,0.5506756756756757,0.6197718631178707,0.5763790664780764,0.9066851860837498,0.6751182278164293,230,133,67,25
Filtered@750 Masking Diffusion,generative_filtered,204,5000,25,750,775,6.451612903225806,0.4599999999999999,0.6418918918918919,0.5792682926829268,0.6089743589743589,0.4707692307692308,0.5168918918918919,0.4927536231884058,0.5069582504970179,0.8560822941433354,0.5657660001614234,325,143,172,25
Original only,none,200,5000,50,0,50,100.0,0.42999999999999994,0.40562248995983935,0.6158536585365854,0.4891041162227603,0.2903225806451613,0.6385135135135135,0.3991552270327349,0.5149863760217984,0.8270773691105828,0.4007954838399451,651,107,462,50
Magnitude warping,traditional,200,5000,50,1000,1050,4.761904761904762,0.4499999999999999,0.8,0.6097560975609756,0.6920415224913494,0.7237354085603113,0.6283783783783784,0.6726943942133815,0.6453851492019431,0.9234169537580669,0.7437955533222526,257,110,71,50
Filtered@750 Masking Diffusion,generative_filtered,200,5000,50,750,800,6.25,0.4699999999999999,0.5442477876106194,0.75,0.6307692307692307,0.4787234042553192,0.7601351351351351,0.587467362924282,0.6801692865779927,0.9009243534378184,0.6529492699863124,470,71,245,50
Original only,none,201,5000,50,0,50,100.0,0.38999999999999996,0.44017094017094016,0.6280487804878049,0.5175879396984925,0.3191126279863481,0.6317567567567568,0.42403628117913833,0.5282485875706214,0.8158122664855161,0.4371897788584335,586,109,399,50
Magnitude warping,traditional,201,5000,50,1000,1050,4.761904761904762,0.4699999999999999,0.8306451612903226,0.6280487804878049,0.7152777777777778,0.7721518987341772,0.6182432432432432,0.6866791744840526,0.6439127375087966,0.8964372361589596,0.7103739850323366,237,113,54,50
Filtered@750 Masking Diffusion,generative_filtered,201,5000,50,750,800,6.25,0.5299999999999999,0.5721925133689839,0.6524390243902439,0.6096866096866097,0.44471153846153844,0.625,0.5196629213483146,0.578125,0.8711618710272211,0.599699185042109,416,111,231,50
Original only,none,202,5000,50,0,50,100.0,0.36999999999999994,0.43568464730290457,0.6402439024390244,0.5185185185185185,0.31893687707641194,0.6486486486486487,0.42761692650334077,0.5375139977603584,0.826732859430346,0.37689402247844256,602,104,410,50
Magnitude warping,traditional,202,5000,50,1000,1050,4.761904761904762,0.43999999999999995,0.7608695652173914,0.6402439024390244,0.695364238410596,0.6992481203007519,0.6283783783783784,0.6619217081850534,0.6413793103448275,0.9138750060653112,0.7331156577923185,266,110,80,50
Filtered@750 Masking Diffusion,generative_filtered,202,5000,50,750,800,6.25,0.4499999999999999,0.5294117647058824,0.6585365853658537,0.5869565217391305,0.42016806722689076,0.6756756756756757,0.5181347150259067,0.6024096385542169,0.8863833761948663,0.6375393388160342,476,96,276,50
Original only,none,203,5000,50,0,50,100.0,0.35999999999999993,0.35714285714285715,0.7317073170731707,0.48,0.27164887307236063,0.7736486486486487,0.40210711150131695,0.5648741983226443,0.8379894706196322,0.3781853572080449,843,67,614,50
Magnitude warping,traditional,203,5000,50,1000,1050,4.761904761904762,0.5199999999999999,0.9368421052631579,0.5426829268292683,0.6872586872586872,0.8870967741935484,0.5574324324324325,0.6846473029045643,0.6021897810218978,0.9136881944781406,0.7570662776072897,186,131,21,50
Filtered@750 Masking Diffusion,generative_filtered,203,5000,50,750,800,6.25,0.62,0.8288288288288288,0.5609756097560976,0.6690909090909091,0.7442922374429224,0.5506756756756757,0.6330097087378641,0.5808980755523877,0.8990453200058226,0.6856875129827601,219,133,56,50
Original only,none,204,5000,50,0,50,100.0,0.29,0.3715170278637771,0.7317073170731707,0.4928131416837782,0.24742268041237114,0.7297297297297297,0.369546621043627,0.5250364608653378,0.8221371730797224,0.4402114424089617,873,80,657,50
Magnitude warping,traditional,204,5000,50,1000,1050,4.761904761904762,0.4599999999999999,0.8308823529411765,0.6890243902439024,0.7533333333333333,0.8055555555555556,0.6858108108108109,0.7408759124087592,0.7068245125348189,0.9086000048522489,0.7765183992708543,252,93,49,50
Filtered@750 Masking Diffusion,generative_filtered,204,5000,50,750,800,6.25,0.5599999999999999,0.6645569620253164,0.6402439024390244,0.6521739130434783,0.5882352941176471,0.6418918918918919,0.6138933764135702,0.630391506303915,0.9024515988160513,0.6968017357025531,323,106,133,50
Original only,none,200,5000,100,0,100,50.0,0.59,0.43478260869565216,0.6707317073170732,0.5275779376498801,0.3322475570032573,0.6891891891891891,0.44835164835164837,0.5672969966629589,0.8829576883885681,0.5273289997717777,614,92,410,100
Magnitude warping,traditional,200,5000,100,1000,1100,4.545454545454546,0.6799999999999999,0.9009009009009009,0.6097560975609756,0.7272727272727273,0.8401826484018264,0.6216216216216216,0.7145631067961165,0.6557377049180327,0.9444138483186958,0.7808879789274918,219,112,35,100
Filtered@750 Masking Diffusion,generative_filtered,200,5000,100,750,850,5.882352941176471,0.7499999999999999,0.784,0.5975609756097561,0.6782006920415224,0.7061224489795919,0.5844594594594594,0.6395563770794824,0.6053184044786564,0.9263986607792711,0.722808523351978,245,123,72,100
Original only,none,201,5000,100,0,100,50.0,0.5499999999999999,0.3867924528301887,0.75,0.5103734439834025,0.2920353982300885,0.7804054054054054,0.4250229990800368,0.5848101265822785,0.8684276287059052,0.5165051918627835,791,65,560,100
Magnitude warping,traditional,201,5000,100,1000,1100,4.545454545454546,0.62,0.8059701492537313,0.6585365853658537,0.7248322147651006,0.7607843137254902,0.6554054054054054,0.7041742286751361,0.6740792216817234,0.9345977485564558,0.795547189620508,255,102,61,100
Filtered@750 Masking Diffusion,generative_filtered,201,5000,100,750,850,5.882352941176471,0.7499999999999999,0.7299270072992701,0.6097560975609756,0.6644518272425249,0.6559139784946236,0.6182432432432432,0.6365217391304347,0.6254272043745728,0.9224355863942939,0.7272472262981946,279,113,96,100
Original only,none,202,5000,100,0,100,50.0,0.4799999999999999,0.33879781420765026,0.7560975609756098,0.4679245283018868,0.25395152792413067,0.8141891891891891,0.38714859437751004,0.5649320206282231,0.8603868455529138,0.49496421497863824,949,55,708,100
Magnitude warping,traditional,202,5000,100,1000,1100,4.545454545454546,0.6499999999999999,0.9537037037037037,0.6280487804878049,0.7573529411764706,0.9790575916230366,0.6317567567567568,0.7679671457905544,0.68,0.9384334514047261,0.8227628831445843,191,109,4,100
Filtered@750 Masking Diffusion,generative_filtered,202,5000,100,750,850,5.882352941176471,0.7799999999999999,0.9550561797752809,0.5182926829268293,0.6719367588932806,0.9548387096774194,0.5,0.656319290465632,0.5526512322628827,0.9299711291183463,0.7496999704249027,155,148,7,100
Original only,none,203,5000,100,0,100,50.0,0.7899999999999999,0.5929203539823009,0.40853658536585363,0.48375451263537905,0.5665024630541872,0.3885135135135135,0.46092184368737477,0.414563806777217,0.8656193895870736,0.5043489271505569,203,181,88,100
Magnitude warping,traditional,203,5000,100,1000,1100,4.545454545454546,0.61,0.7676056338028169,0.6646341463414634,0.7124183006535948,0.7854406130268199,0.6925675675675675,0.7360861759425493,0.7093425605536332,0.9315905672279101,0.7920000898135535,261,91,56,100
Filtered@750 Masking Diffusion,generative_filtered,203,5000,100,750,850,5.882352941176471,0.7999999999999999,0.9629629629629629,0.47560975609756095,0.636734693877551,0.85,0.4594594594594595,0.5964912280701754,0.5059523809523809,0.9131423164636809,0.7241831499168694,160,160,24,100
Original only,none,204,5000,100,0,100,50.0,0.7699999999999999,0.5912408759124088,0.49390243902439024,0.5382059800664452,0.5227272727272727,0.46621621621621623,0.4928571428571429,0.47651933701657456,0.8837407200737541,0.5308994900598392,264,158,126,100
Magnitude warping,traditional,204,5000,100,1000,1100,4.545454545454546,0.63,0.9008264462809917,0.6646341463414634,0.7649122807017544,0.819327731092437,0.6587837837837838,0.7303370786516854,0.6856540084388185,0.9437563685768353,0.8036309157515462,238,101,43,100
Filtered@750 Masking Diffusion,generative_filtered,204,5000,100,750,850,5.882352941176471,0.74,0.8782608695652174,0.6158536585365854,0.7240143369175627,0.7991071428571429,0.6047297297297297,0.6884615384615385,0.6356534090909091,0.9357562230093649,0.7716470635852871,224,117,45,100
Original only,none,200,5000,150,0,150,33.333333333333336,0.7999999999999999,0.5705128205128205,0.5426829268292683,0.55625,0.5408805031446541,0.581081081081081,0.5602605863192183,0.5725699067909454,0.9169404143820662,0.6311964146560706,318,124,146,150
Magnitude warping,traditional,200,5000,150,1000,1150,4.3478260869565215,0.72,0.8549618320610687,0.6829268292682927,0.7593220338983051,0.851145038167939,0.7533783783783784,0.7992831541218638,0.7710926694329184,0.9683148139162501,0.8723771941489237,262,73,39,150
Filtered@750 Masking Diffusion,generative_filtered,200,5000,150,750,900,5.555555555555555,0.82,0.8728813559322034,0.6280487804878049,0.7304964539007093,0.8026315789473685,0.6182432432432432,0.6984732824427481,0.6480169971671388,0.9541729341549808,0.7935919985292108,228,113,45,150
Original only,none,201,5000,150,0,150,33.333333333333336,0.84,0.6,0.5487804878048781,0.5732484076433121,0.5423728813559322,0.5405405405405406,0.5414551607445008,0.5409060175794456,0.9062254354893493,0.5741867350090201,295,136,135,150
Magnitude warping,traditional,201,5000,150,1000,1150,4.3478260869565215,0.72,0.8322147651006712,0.7560975609756098,0.792332268370607,0.756578947368421,0.777027027027027,0.7666666666666667,0.7728494623655914,0.9599956329758843,0.8229360338485416,304,66,74,150
Filtered@750 Masking Diffusion,generative_filtered,201,5000,150,750,900,5.555555555555555,0.7899999999999999,0.756578947368421,0.7012195121951219,0.7278481012658228,0.6875,0.706081081081081,0.6966666666666667,0.7022849462365591,0.9521568246882429,0.7764239562147154,304,87,95,150
Original only,none,202,5000,150,0,150,33.333333333333336,0.83,0.6397058823529411,0.5304878048780488,0.58,0.6346863468634686,0.581081081081081,0.6067019400352733,0.5910652920962199,0.9177640836527732,0.6610707964014847,271,124,99,150
Magnitude warping,traditional,202,5000,150,1000,1150,4.3478260869565215,0.73,0.9516129032258065,0.7195121951219512,0.8194444444444444,0.9395161290322581,0.7871621621621622,0.8566176470588235,0.8135474860335196,0.9664491241690524,0.884696462341449,248,63,15,150
Filtered@750 Masking Diffusion,generative_filtered,202,5000,150,750,900,5.555555555555555,0.7899999999999999,0.8666666666666667,0.7134146341463414,0.782608695652174,0.8444444444444444,0.7702702702702703,0.8056537102473498,0.7840440165061898,0.9616769372604201,0.860491779793317,270,68,42,150
Original only,none,203,5000,150,0,150,33.333333333333336,0.8599999999999999,0.7692307692307693,0.4268292682926829,0.5490196078431373,0.7823529411764706,0.44932432432432434,0.5708154506437768,0.4911373707533235,0.9266000291134942,0.6767903263350346,170,163,37,150
Magnitude warping,traditional,203,5000,150,1000,1150,4.3478260869565215,0.73,0.9047619047619048,0.6951219512195121,0.7862068965517242,0.868421052631579,0.7804054054054054,0.8220640569395018,0.7965517241379311,0.9783783783783784,0.89721685062268,266,65,35,150
Filtered@750 Masking Diffusion,generative_filtered,203,5000,150,750,900,5.555555555555555,0.8099999999999999,0.8559322033898306,0.6158536585365854,0.7163120567375887,0.8528138528138528,0.6655405405405406,0.7476280834914611,0.696113074204947,0.9682480954922607,0.8528611858816559,231,99,34,150
Original only,none,204,5000,150,0,150,33.333333333333336,0.8699999999999999,0.8765432098765432,0.4329268292682927,0.5795918367346938,0.8489208633093526,0.39864864864864863,0.542528735632184,0.4459561602418745,0.9136360328012033,0.650123002181508,139,178,21,150
Magnitude warping,traditional,204,5000,150,1000,1150,4.3478260869565215,0.72,0.9435483870967742,0.7134146341463414,0.8125,0.9126984126984127,0.777027027027027,0.8394160583941606,0.8008356545961003,0.969366538890776,0.8917445335645153,252,66,22,150
Filtered@750 Masking Diffusion,generative_filtered,204,5000,150,750,900,5.555555555555555,0.7899999999999999,0.828125,0.6463414634146342,0.726027397260274,0.8232931726907631,0.6925675675675675,0.7522935779816514,0.7152826238660154,0.9617084768790336,0.8330955640206993,249,91,44,150
Original only,none,200,5000,247,0,247,20.242914979757085,0.8899999999999999,0.6751592356687898,0.6463414634146342,0.660436137071651,0.7578125,0.6554054054054054,0.7028985507246377,0.6736111111111112,0.9590312484836722,0.7936783188555684,256,102,62,247
Magnitude warping,traditional,200,5000,247,1000,1247,4.0096230954290295,0.83,0.9069767441860465,0.7134146341463414,0.7986348122866894,0.9176470588235294,0.7905405405405406,0.8493647912885662,0.8130646282140376,0.9920714251055364,0.942661021889263,255,62,21,247
Filtered@750 Masking Diffusion,generative_filtered,200,5000,247,750,997,5.015045135406218,0.8499999999999999,0.841726618705036,0.7134146341463414,0.7722772277227723,0.8310344827586207,0.8141891891891891,0.8225255972696246,0.8175033921302578,0.9886493764860014,0.9124741888266175,290,55,49,247
Original only,none,201,5000,247,0,247,20.242914979757085,0.8899999999999999,0.6708074534161491,0.6585365853658537,0.6646153846153846,0.7106227106227107,0.6554054054054054,0.6818980667838312,0.665751544269046,0.9582973458197874,0.7851062057265308,273,102,79,247
Magnitude warping,traditional,201,5000,247,1000,1247,4.0096230954290295,0.84,0.8846153846153846,0.7012195121951219,0.782312925170068,0.9190283400809717,0.7668918918918919,0.8360957642725598,0.793151642208246,0.9923625600465816,0.9398827805521751,247,69,20,247
Filtered@750 Masking Diffusion,generative_filtered,201,5000,247,750,997,5.015045135406218,0.8799999999999999,0.8692307692307693,0.6890243902439024,0.7687074829931972,0.8360655737704918,0.6891891891891891,0.7555555555555555,0.7142857142857143,0.9809051870541996,0.8467733014978637,244,92,40,247
Original only,none,202,5000,247,0,247,20.242914979757085,0.9099999999999999,0.868421052631579,0.6036585365853658,0.7122302158273381,0.9157894736842105,0.5878378378378378,0.7160493827160493,0.6331877729257642,0.9570236304527149,0.7999673651657506,190,122,16,247
Magnitude warping,traditional,202,5000,247,1000,1247,4.0096230954290295,0.84,1.0,0.676829268292683,0.8072727272727273,0.9908256880733946,0.7297297297297297,0.8404669260700389,0.7703281027104137,0.9921903052064631,0.9483484058971786,218,80,2,247
Filtered@750 Masking Diffusion,generative_filtered,202,5000,247,750,997,5.015045135406218,0.8599999999999999,0.9133858267716536,0.7073170731707317,0.7972508591065293,0.9385245901639344,0.7736486486486487,0.8481481481481481,0.8018207282913166,0.988583871124266,0.9257729615974658,244,67,15,247
Original only,none,203,5000,247,0,247,20.242914979757085,0.8999999999999999,0.7123287671232876,0.6341463414634146,0.6709677419354839,0.7663934426229508,0.6317567567567568,0.6925925925925925,0.6547619047619048,0.9563285457809695,0.7855149175738939,244,109,57,247
Magnitude warping,traditional,203,5000,247,1000,1247,4.0096230954290295,0.83,0.9126984126984127,0.7012195121951219,0.7931034482758621,0.921875,0.7972972972972973,0.855072463768116,0.8194444444444444,0.9947110485710127,0.9588433935691428,256,60,20,247
Filtered@750 Masking Diffusion,generative_filtered,203,5000,247,750,997,5.015045135406218,0.8799999999999999,0.9363636363636364,0.6280487804878049,0.7518248175182481,0.9223744292237442,0.6824324324324325,0.7844660194174757,0.7198859586600143,0.9875369983987579,0.9173130138210861,219,94,17,247
Original only,none,204,5000,247,0,247,20.242914979757085,0.8999999999999999,0.8695652173913043,0.6097560975609756,0.7168458781362007,0.8591549295774648,0.6182432432432432,0.7190569744597249,0.654974946313529,0.9601909359988355,0.8065547072373102,213,113,30,247
Magnitude warping,traditional,204,5000,247,1000,1247,4.0096230954290295,0.82,0.921875,0.7195121951219512,0.8082191780821918,0.9435483870967742,0.7905405405405406,0.8602941176470589,0.8170391061452514,0.9943665388907759,0.9560469933603651,248,62,14,247
Filtered@750 Masking Diffusion,generative_filtered,204,5000,247,750,997,5.015045135406218,0.8499999999999999,0.8646616541353384,0.7012195121951219,0.7744107744107744,0.9076923076923077,0.7972972972972973,0.8489208633093526,0.817174515235457,0.9906715512640109,0.9337101992436472,260,60,24,247
